,Rk,Player,Pos,Age,Tm,G,MP,PER,TS%,3PAr,FTr,ORB%,DRB%,TRB%,AST%,STL%,BLK%,TOV%,USG%,Unnamed: 19,OWS,DWS,WS,WS/48,Unnamed: 24,OBPM,DBPM,BPM,VORP
0,1,Steven Adams\adamsst01,C,26,OKC,49,1322,20.1,0.597,0.008,0.396,14.1,23.6,19.0,14.3,1.3,3.6,14.6,17.1,,3.0,2.0,5.0,0.182,,1.0,3.3,4.3,2.1
1,2,Bam Adebayo\adebaba01,PF,22,MIA,54,1865,20.7,0.613,0.019,0.473,8.8,24.2,16.8,22.5,1.8,3.4,17.2,19.9,,4.1,3.0,7.1,0.183,,1.1,4.0,5.1,3.3
2,3,LaMarcus Aldridge\aldrila01,C,34,SAS,50,1661,20.3,0.58,0.195,0.245,6.4,18.1,12.2,11.3,0.9,4.3,7.9,23.3,,3.3,1.3,4.6,0.133,,1.4,0.4,1.8,1.6
3,4,Nickeil Alexander-Walker\alexani01,SG,21,NOP,41,501,7.7,0.441,0.515,0.12300000000000001,1.7,15.3,8.4,20.5,1.0,1.2,14.3,22.9,,-0.7,0.3,-0.4,-0.038,,-4.0,-2.1,-6.1,-0.5
4,5,Grayson Allen\allengr01,SG,24,MEM,30,498,11.4,0.5770000000000001,0.517,0.19899999999999998,1.1,12.7,7.0,11.7,0.6,0.2,10.7,18.0,,0.5,0.2,0.7,0.065,,-0.8,-2.6,-3.4,-0.2
5,6,Jarrett Allen\allenja01,C,21,BRK,53,1410,20.6,0.6559999999999999,0.013999999999999999,0.569,12.3,24.7,18.7,7.9,1.1,4.5,11.7,15.0,,3.8,2.5,6.3,0.213,,0.2,3.3,3.5,2.0
6,7,Kadeem Allen\allenka01,SG,27,NYK,10,117,14.1,0.512,0.364,0.25,1.7,6.6,4.1,27.4,2.1,1.6,14.1,20.6,,0.1,0.1,0.1,0.055,,-1.4,-2.5,-3.9,-0.1
7,8,Al-Farouq Aminu\aminual01,PF,29,ORL,18,380,7.7,0.395,0.419,0.337,6.5,18.4,12.2,7.6,2.3,1.9,14.7,13.3,,-0.4,0.6,0.2,0.02,,-5.1,2.1,-3.0,-0.1
8,9,Justin Anderson\anderju01,SF,26,BRK,3,17,-3.8,0.218,0.5,0.33299999999999996,0.0,11.8,6.0,0.0,0.0,4.8,0.0,16.9,,-0.1,0.0,-0.1,-0.16699999999999998,,-12.7,-2.6,-15.3,-0.1
9,10,Kyle Anderson\anderky01,PF,26,MEM,48,868,13.2,0.539,0.192,0.254,5.6,18.4,12.1,15.4,1.9,2.4,14.8,13.4,,0.7,1.0,1.7,0.096,,-1.8,2.2,0.4,0.5
10,11,Ryan Anderson\anderry01,PF,31,HOU,2,14,9.6,0.35700000000000004,0.7140000000000001,0.0,0.0,52.5,26.1,20.1,3.3,0.0,12.5,23.5,,0.0,0.0,0.0,-0.031,,-7.3,1.8,-5.5,0.0
11,12,Giannis Antetokounmpo\antetgi01,PF,25,MIL,48,1482,32.2,0.608,0.242,0.519,8.4,32.9,21.4,34.0,1.6,3.0,13.0,37.7,,5.0,3.9,8.9,0.289,,7.0,5.1,12.0,5.3
12,13,Kostas Antetokounmpo\antetko01,PF,22,LAL,3,5,8.6,,,,0.0,21.4,11.0,22.4,0.0,0.0,,0.0,,0.0,0.0,0.0,0.132,,-4.8,1.0,-3.8,0.0
13,14,Thanasis Antetokounmpo\antetth01,SF,27,MIL,15,61,13.7,0.556,0.13,0.391,10.3,1.5,5.6,14.1,1.5,1.4,15.6,21.6,,0.0,0.1,0.1,0.10800000000000001,,-1.8,-1.2,-3.0,0.0
14,15,Carmelo Anthony\anthoca01,PF,35,POR,40,1299,11.7,0.5,0.282,0.187,4.2,16.6,10.5,6.7,1.2,1.2,10.4,21.9,,-0.3,0.8,0.5,0.018000000000000002,,-2.6,-1.3,-3.9,-0.6
15,16,OG Anunoby\anunoog01,SF,22,TOR,54,1574,12.6,0.586,0.413,0.147,4.1,15.1,9.7,7.5,1.9,2.2,12.1,14.6,,1.3,2.6,3.8,0.11699999999999999,,-0.7,2.2,1.5,1.4
16,17,Ryan Arcidiacono\arcidry01,PG,25,CHI,51,765,9.0,0.556,0.628,0.156,2.2,10.7,6.3,14.5,1.3,0.4,13.5,12.4,,0.6,0.6,1.2,0.073,,-1.8,-1.1,-2.9,-0.2
17,18,Trevor Ariza\arizatr01,SF,34,TOT,43,1138,10.7,0.573,0.65,0.171,2.7,16.6,9.5,8.1,2.3,0.9,12.3,11.4,,0.9,1.1,2.0,0.083,,-0.6,1.1,0.4,0.7
18,18,Trevor Ariza\arizatr01,SF,34,SAC,32,791,9.5,0.5429999999999999,0.7390000000000001,0.16399999999999998,2.9,18.4,10.4,8.5,2.2,0.8,13.7,11.3,,0.3,0.8,1.1,0.069,,-1.3,1.1,-0.2,0.4
19,18,Trevor Ariza\arizatr01,SF,34,POR,11,347,13.5,0.634,0.469,0.185,2.1,12.6,7.4,7.3,2.6,1.0,9.3,11.8,,0.6,0.3,0.8,0.11599999999999999,,0.9,0.9,1.8,0.3
20,19,D.J. Augustin\augusdj01,PG,32,ORL,39,1013,14.4,0.544,0.41700000000000004,0.39899999999999997,1.5,8.7,5.0,27.2,1.3,0.1,12.4,18.8,,1.5,0.8,2.3,0.10800000000000001,,0.0,-2.1,-2.2,0.0
21,20,Deandre Ayton\aytonde01,C,21,PHO,23,760,21.0,0.563,0.006,0.156,13.0,27.4,20.0,11.1,1.1,4.2,10.3,23.9,,1.1,1.0,2.1,0.134,,-0.7,1.9,1.2,0.6
22,21,Dwayne Bacon\bacondw01,SG,24,CHO,39,687,6.1,0.419,0.275,0.217,2.3,14.0,7.9,11.6,1.7,0.3,12.2,19.4,,-1.2,0.4,-0.8,-0.054000000000000006,,-6.2,-1.5,-7.7,-1.0
23,22,Marvin Bagley\baglema01,PF,20,SAC,13,334,15.9,0.512,0.132,0.18600000000000003,9.5,23.7,16.4,5.0,0.9,3.4,9.1,25.9,,0.0,0.3,0.4,0.055,,-4.0,-1.6,-5.7,-0.3
24,23,Lonzo Ball\balllo01,PG,22,NOP,47,1503,12.9,0.512,0.579,0.10099999999999999,3.7,16.4,10.0,28.7,1.9,1.3,20.3,18.7,,0.3,1.3,1.6,0.052000000000000005,,0.0,0.7,0.7,1.0
25,24,Mo Bamba\bambamo01,C,21,ORL,50,747,16.8,0.544,0.363,0.135,10.3,25.8,17.7,6.8,1.3,8.7,13.4,16.9,,0.4,1.5,2.0,0.126,,-2.9,4.2,1.3,0.6
26,25,J.J. Barea\bareajo01,PG,35,DAL,17,263,19.4,0.57,0.391,0.109,3.2,10.2,6.8,37.5,0.6,0.3,13.5,25.3,,0.7,0.1,0.8,0.14800000000000002,,2.8,-3.6,-0.8,0.1
27,26,Harrison Barnes\barneha02,PF,27,SAC,54,1870,13.1,0.565,0.327,0.353,3.0,13.2,8.0,9.4,0.8,0.4,8.6,17.7,,2.4,0.9,3.3,0.085,,-0.4,-1.1,-1.5,0.2
28,27,RJ Barrett\barrerj01,SG,19,NYK,45,1372,10.1,0.466,0.265,0.35600000000000004,3.3,14.7,8.8,12.1,1.6,1.1,12.5,23.2,,-1.5,0.9,-0.5,-0.019,,-3.6,-0.7,-4.3,-0.8
29,28,Will Barton\bartowi01,SF,29,DEN,48,1598,16.0,0.5429999999999999,0.369,0.183,4.9,16.6,10.7,16.3,1.6,1.4,9.1,19.9,,2.2,1.9,4.1,0.12300000000000001,,1.1,0.7,1.8,1.5
30,29,Keita Bates-Diop\bateske01,SF,24,TOT,39,665,12.7,0.541,0.452,0.332,3.2,14.8,8.8,6.6,1.2,2.6,5.5,15.7,,0.7,0.5,1.2,0.087,,-1.9,-0.5,-2.3,-0.1
31,29,Keita Bates-Diop\bateske01,SF,24,MIN,37,646,12.6,0.535,0.456,0.316,3.3,14.9,8.9,6.8,1.2,2.6,5.6,15.9,,0.6,0.5,1.1,0.083,,-1.9,-0.4,-2.3,0.0
32,29,Keita Bates-Diop\bateske01,SF,24,DEN,2,19,15.9,0.9309999999999999,0.0,2.0,0.0,11.7,5.8,0.0,0.0,4.8,0.0,8.6,,0.1,0.0,0.1,0.222,,-1.0,-1.4,-2.4,0.0
33,30,Nicolas Batum\batumni01,SF,31,CHO,22,505,9.2,0.46299999999999997,0.605,0.12300000000000001,5.2,16.8,10.8,18.2,1.7,1.5,20.5,9.3,,0.2,0.4,0.6,0.053,,-2.7,1.3,-1.4,0.1
34,31,Aron Baynes\baynear01,C,33,PHO,33,756,15.2,0.5820000000000001,0.423,0.205,7.7,20.3,13.9,12.6,0.4,2.2,10.7,20.5,,1.1,0.6,1.7,0.11,,0.7,-0.6,0.1,0.4
35,32,Kent Bazemore\bazemke01,SF-SG,30,TOT,54,1333,8.2,0.479,0.493,0.252,1.7,15.3,8.5,7.2,2.0,2.2,13.7,16.8,,-1.1,1.1,0.1,0.003,,-3.3,0.5,-2.8,-0.3
36,32,Kent Bazemore\bazemke01,SF,30,POR,43,1111,7.6,0.475,0.525,0.221,1.2,14.5,7.9,7.2,1.9,2.3,14.4,15.9,,-1.0,0.9,-0.1,-0.004,,-3.2,0.7,-2.5,-0.1
37,32,Kent Bazemore\bazemke01,SG,30,SAC,11,222,11.1,0.491,0.366,0.37799999999999995,3.9,19.4,11.4,7.2,2.4,1.7,11.1,21.1,,-0.1,0.3,0.2,0.036000000000000004,,-3.8,-0.3,-4.1,-0.1
38,33,Darius Bazley\bazleda01,PF,19,OKC,53,909,8.2,0.475,0.435,0.204,2.6,20.6,11.9,4.3,1.1,3.3,13.8,14.1,,-0.8,1.2,0.4,0.021,,-5.1,1.2,-3.9,-0.4
39,34,Bradley Beal\bealbr01,SG,26,WAS,46,1635,22.6,0.573,0.359,0.358,2.9,10.8,6.7,29.0,1.4,0.9,11.2,33.5,,3.7,0.2,3.9,0.11599999999999999,,5.0,-3.0,1.9,1.6
40,35,Malik Beasley\beaslma01,SG,23,TOT,44,844,11.2,0.52,0.5429999999999999,0.12,1.6,11.0,6.3,10.0,1.9,0.6,10.3,21.3,,0.0,0.8,0.8,0.045,,-1.4,-1.7,-3.1,-0.2
41,35,Malik Beasley\beaslma01,SG,23,DEN,41,746,10.5,0.511,0.535,0.126,1.3,10.1,5.7,9.2,2.1,0.7,10.2,20.5,,-0.1,0.8,0.6,0.042,,-1.8,-1.5,-3.3,-0.3
42,35,Malik Beasley\beaslma01,SG,23,MIN,3,98,16.6,0.5670000000000001,0.589,0.08900000000000001,4.1,17.7,10.7,15.9,1.0,0.0,10.7,27.4,,0.1,0.1,0.1,0.07,,1.8,-3.3,-1.5,0.0
43,36,Marco Belinelli\belinma01,SG,33,SAS,47,710,9.1,0.496,0.5539999999999999,0.171,0.5,11.0,5.7,11.6,0.6,0.0,5.1,16.6,,0.2,0.1,0.3,0.022000000000000002,,-1.4,-3.5,-4.9,-0.5
44,37,Jordan Bell\belljo01,C,25,MIN,27,235,14.2,0.57,0.15,0.483,12.1,23.1,17.4,8.7,0.4,3.5,19.8,15.9,,0.2,0.2,0.4,0.077,,-3.5,0.4,-3.1,-0.1
45,38,DeAndre' Bembry\bembrde01,SG,25,ATL,43,915,9.6,0.5,0.285,0.21100000000000002,4.0,14.0,9.0,12.4,2.8,1.7,19.4,14.0,,-0.5,0.8,0.2,0.012,,-3.6,1.3,-2.2,-0.1
46,39,Dragan Bender\bendedr01,SF,22,MIL,7,91,8.5,0.5820000000000001,0.429,0.14300000000000002,0.0,20.3,10.8,12.3,0.0,4.8,18.3,12.4,,0.0,0.2,0.2,0.10800000000000001,,-4.2,2.6,-1.6,0.0
47,40,Dāvis Bertāns\bertada01,PF,27,WAS,44,1291,15.7,0.625,0.754,0.184,2.5,14.9,8.5,8.5,1.2,1.9,7.4,18.3,,2.6,0.3,3.0,0.11,,3.3,-2.0,1.3,1.1
48,41,Patrick Beverley\beverpa01,PG,31,LAC,40,1121,13.1,0.5489999999999999,0.605,0.131,4.8,16.1,10.6,18.8,2.1,2.0,14.9,13.3,,1.3,1.7,3.1,0.131,,1.0,2.9,3.9,1.7
49,42,Khem Birch\birchkh01,C,27,ORL,38,773,10.4,0.537,0.009000000000000001,0.593,9.3,15.8,12.4,6.3,1.0,2.4,13.9,9.3,,0.7,0.9,1.6,0.1,,-3.3,1.9,-1.4,0.1
50,43,Goga Bitadze\bitadgo01,C,20,IND,42,362,12.0,0.53,0.231,0.26899999999999996,6.8,19.8,13.3,7.2,0.4,6.6,14.8,17.3,,0.0,0.5,0.5,0.069,,-4.2,1.9,-2.2,0.0
51,44,Bismack Biyombo\biyombi01,C,27,CHO,45,866,16.4,0.5710000000000001,0.0,0.529,12.9,20.4,16.5,7.2,0.5,3.9,11.9,17.0,,1.4,0.7,2.0,0.114,,-2.2,0.3,-2.0,0.0
52,45,Nemanja Bjelica\bjeline01,PF,31,SAC,54,1535,16.4,0.61,0.47700000000000004,0.11800000000000001,6.4,19.3,12.6,14.6,1.5,2.0,12.7,17.7,,2.8,1.5,4.3,0.135,,1.9,0.9,2.9,1.9
53,46,Eric Bledsoe\bledser01,PG,30,MIL,46,1246,18.7,0.578,0.299,0.295,2.9,13.6,8.6,28.2,1.6,1.5,15.0,24.2,,2.2,2.3,4.6,0.175,,1.1,1.1,2.1,1.3
54,47,Bogdan Bogdanović\bogdabo01,SG,27,SAC,43,1213,13.9,0.5529999999999999,0.584,0.158,1.3,11.6,6.3,17.2,1.6,0.9,12.1,22.9,,0.7,0.8,1.6,0.061,,0.8,-1.6,-0.8,0.4
55,48,Bojan Bogdanović\bogdabo02,SF,30,UTA,53,1763,16.4,0.611,0.493,0.28800000000000003,1.9,11.1,6.7,10.1,0.8,0.3,12.9,25.9,,2.6,1.6,4.2,0.114,,1.9,-1.7,0.2,1.0
56,49,Jonah Bolden\boldejo01,PF,24,TOT,5,40,7.0,0.465,0.222,0.444,8.1,14.0,11.0,0.0,2.4,4.3,15.7,13.6,,0.0,0.1,0.0,0.025,,-6.9,-0.4,-7.3,-0.1
57,49,Jonah Bolden\boldejo01,PF,24,PHI,4,14,-2.0,0.515,0.33299999999999996,0.667,0.0,7.8,3.9,0.0,3.5,0.0,34.0,18.1,,-0.1,0.0,0.0,-0.14,,-10.0,-1.1,-11.1,0.0
58,49,Jonah Bolden\boldejo01,PF,24,PHO,1,26,11.8,0.436,0.16699999999999998,0.33299999999999996,12.5,17.3,14.9,0.0,1.8,6.7,0.0,11.2,,0.0,0.0,0.1,0.115,,-5.2,0.0,-5.2,0.0
59,50,Marques Bolden\boldema01,C,21,CLE,1,3,19.8,,,,0.0,74.4,36.8,0.0,16.2,0.0,,0.0,,0.0,0.0,0.0,0.278,,-8.6,10.7,2.2,0.0
60,51,Jordan Bone\bonejo01,PG,22,DET,9,48,-4.3,0.17600000000000002,0.47100000000000003,0.0,0.0,2.4,1.2,22.0,1.0,0.0,10.5,17.2,,-0.2,0.0,-0.2,-0.207,,-10.6,-5.6,-16.2,-0.2
61,52,Isaac Bonga\bongais01,SF,20,WAS,48,850,11.5,0.634,0.27399999999999997,0.363,6.3,13.8,9.9,8.0,1.8,1.8,15.3,10.5,,1.2,0.4,1.6,0.08900000000000001,,-0.5,0.1,-0.4,0.4
62,53,Devin Booker\bookede01,SG,23,PHO,52,1866,20.6,0.625,0.302,0.40399999999999997,1.5,11.6,6.4,29.5,1.0,0.6,15.6,29.7,,4.4,1.1,5.5,0.141,,3.8,-1.9,1.8,1.8
63,54,Chris Boucher\bouchch01,PF,27,TOR,47,607,19.9,0.5660000000000001,0.363,0.39899999999999997,14.3,20.4,17.4,4.9,1.3,6.5,7.1,19.9,,1.4,1.2,2.7,0.21,,0.0,1.6,1.7,0.6
64,55,Brian Bowen\bowenbr02,SG,21,IND,3,10,1.0,0.25,0.25,0.0,0.0,11.0,5.5,0.0,0.0,8.8,0.0,17.6,,0.0,0.0,0.0,-0.154,,-12.7,-0.5,-13.3,0.0
65,56,Ky Bowman\bowmaky01,PG,22,GSW,40,875,8.8,0.48200000000000004,0.345,0.127,2.4,10.1,6.1,20.2,2.0,0.6,15.9,16.8,,-0.5,0.4,0.0,-0.001,,-3.4,-1.3,-4.7,-0.6
66,57,Avery Bradley\bradlav01,SG,29,LAL,39,911,9.0,0.545,0.402,0.068,2.1,8.2,5.2,6.6,1.6,0.3,10.8,15.9,,0.2,1.0,1.2,0.063,,-1.7,-0.8,-2.4,-0.1
67,58,Tony Bradley\bradlto01,C,22,UTA,41,420,20.4,0.6559999999999999,0.0,0.276,19.3,25.8,22.7,4.0,1.2,3.2,13.2,16.5,,1.2,0.7,2.0,0.225,,0.5,0.8,1.3,0.4
68,59,Jarrell Brantley\brantja01,PF,23,UTA,3,11,9.4,,,,0.0,47.3,24.8,10.8,0.0,15.2,100.0,4.0,,0.0,0.0,0.0,0.065,,-11.1,13.2,2.0,0.0
69,60,Ignas Brazdeikis\brazdig01,SF,21,NYK,9,53,3.3,0.35100000000000003,0.409,0.22699999999999998,3.8,6.2,5.0,10.7,0.0,1.8,7.6,20.9,,-0.1,0.0,-0.1,-0.10800000000000001,,-6.6,-4.0,-10.6,-0.1
70,61,Mikal Bridges\bridgmi01,SF,23,PHO,55,1413,12.8,0.608,0.365,0.273,3.6,13.5,8.4,8.5,2.7,1.9,12.7,12.6,,1.5,1.7,3.2,0.109,,-0.5,2.1,1.7,1.3
71,62,Miles Bridges\bridgmi02,SF,21,CHO,54,1657,12.5,0.537,0.40299999999999997,0.16899999999999998,4.8,15.3,9.8,9.0,1.0,2.2,11.2,19.5,,0.6,1.0,1.5,0.045,,-1.5,-0.6,-2.1,-0.1
72,63,Oshae Brissett\brissos01,SF,21,TOR,17,128,5.4,0.44,0.441,0.235,7.6,11.3,9.5,5.2,1.5,0.8,15.7,14.9,,-0.1,0.2,0.1,0.019,,-4.8,-0.4,-5.2,-0.1
73,64,Ryan Broekhoff\broekry01,SG,29,DAL,17,180,13.3,0.568,0.8640000000000001,0.136,3.0,21.8,12.5,8.3,1.4,1.9,8.8,16.3,,0.2,0.2,0.4,0.115,,0.2,-0.7,-0.4,0.1
74,65,Malcolm Brogdon\brogdma01,PG,27,IND,41,1262,18.0,0.54,0.305,0.245,2.9,13.9,8.4,35.2,1.0,0.6,14.2,25.6,,1.8,1.2,3.0,0.11199999999999999,,1.9,-0.9,1.0,1.0
75,66,Dillon Brooks\brookdi01,SG,24,MEM,54,1528,12.2,0.524,0.386,0.19399999999999998,3.7,8.8,6.3,10.3,1.6,1.2,9.8,24.5,,0.2,1.1,1.3,0.04,,-0.9,-1.7,-2.7,-0.3
76,67,Bruce Brown\brownbr01,SG,23,DET,54,1507,11.8,0.516,0.21899999999999997,0.28300000000000003,4.0,14.4,9.2,19.8,2.0,1.6,17.2,15.9,,0.6,1.4,2.0,0.063,,-1.9,1.3,-0.6,0.5
77,68,Charlie Brown\brownch02,SG,22,ATL,10,40,11.1,0.47200000000000003,0.474,0.263,5.3,5.4,5.4,7.4,2.3,4.2,12.4,25.2,,0.0,0.0,0.0,-0.027000000000000003,,-4.3,-2.1,-6.4,0.0
78,69,Jaylen Brown\brownja02,SF,23,BOS,44,1480,17.2,0.596,0.361,0.289,3.4,16.9,10.2,10.4,1.6,0.7,12.4,24.6,,1.9,2.1,4.0,0.129,,1.1,-0.5,0.6,1.0
79,70,Moses Brown\brownmo01,C,20,POR,9,33,6.8,0.40700000000000003,0.0,0.8,9.5,33.8,21.8,4.1,1.4,2.5,18.2,21.2,,-0.1,0.0,0.0,-0.06,,-10.1,-1.3,-11.4,-0.1
80,71,Sterling Brown\brownst02,SF,24,MIL,37,556,10.6,0.504,0.508,0.182,4.9,20.1,13.0,8.2,1.7,0.8,13.7,16.8,,-0.1,1.1,1.1,0.091,,-3.1,1.0,-2.1,0.0
81,72,Troy Brown\browntr01,SG,20,WAS,50,1292,14.1,0.537,0.278,0.22899999999999998,4.5,19.7,11.8,12.3,2.4,0.3,9.9,16.9,,1.2,0.8,2.0,0.07400000000000001,,-0.7,-0.3,-0.9,0.3
82,73,Jalen Brunson\brunsja01,PG,23,DAL,55,1002,15.3,0.555,0.312,0.19399999999999998,2.3,11.4,7.0,26.8,1.0,0.3,13.6,20.5,,1.7,0.6,2.2,0.10800000000000001,,0.1,-2.1,-2.0,0.0
83,74,Thomas Bryant\bryanth01,C,22,WAS,29,738,19.6,0.643,0.171,0.292,8.4,23.7,15.8,12.8,0.6,3.0,12.4,18.6,,1.8,0.3,2.2,0.141,,1.2,-0.2,1.0,0.6
84,75,Reggie Bullock\bullore01,SG,28,NYK,21,545,10.0,0.499,0.5,0.075,2.2,8.1,5.0,8.5,2.1,0.0,5.9,17.1,,0.2,0.3,0.5,0.042,,-0.9,-1.7,-2.5,-0.1
85,76,Trey Burke\burketr01,PG,27,PHI,25,329,15.4,0.545,0.299,0.142,5.0,6.6,5.8,24.2,1.0,0.3,8.2,19.3,,0.6,0.3,0.9,0.134,,0.5,-2.7,-2.2,0.0
86,77,Alec Burks\burksal01,SG,28,TOT,49,1404,16.1,0.551,0.374,0.37,2.7,15.0,8.6,17.6,1.7,1.1,9.7,23.7,,1.7,0.9,2.5,0.087,,0.4,-1.4,-1.0,0.4
87,77,Alec Burks\burksal01,SG,28,GSW,48,1390,16.2,0.552,0.373,0.373,2.8,15.2,8.7,17.6,1.7,1.1,9.8,23.8,,1.7,0.9,2.6,0.08900000000000001,,0.5,-1.3,-0.8,0.4
88,77,Alec Burks\burksal01,SG,28,PHI,1,14,0.4,0.25,0.5,0.0,0.0,0.0,0.0,18.5,0.0,0.0,0.0,12.3,,0.0,0.0,0.0,-0.057,,-8.3,-7.4,-15.7,0.0
89,78,Deonte Burton\burtode02,SG,26,OKC,30,254,5.8,0.41200000000000003,0.419,0.129,2.3,14.3,8.5,5.6,0.8,3.0,8.4,18.6,,-0.5,0.3,-0.2,-0.039,,-6.2,-0.9,-7.2,-0.3
90,79,Jimmy Butler\butleji01,SF,30,MIA,46,1582,24.0,0.5870000000000001,0.182,0.6779999999999999,6.3,15.5,11.1,28.1,2.5,1.6,11.5,25.5,,5.3,2.2,7.5,0.228,,3.6,1.7,5.3,2.9
91,80,Bruno Caboclo\cabocbr01,SF,24,MEM,22,192,11.9,0.441,0.36200000000000004,0.043,9.5,14.6,12.1,7.0,2.4,5.3,9.1,16.8,,-0.1,0.3,0.2,0.047,,-3.2,2.2,-1.1,0.0
92,81,Kentavious Caldwell-Pope\caldwke01,SG,26,LAL,53,1343,12.0,0.601,0.478,0.217,2.9,6.1,4.5,9.0,1.5,0.7,9.7,14.6,,2.0,1.3,3.3,0.11900000000000001,,0.7,-0.6,0.1,0.7
93,82,Vlatko Čančar\cancavl01,SF,22,DEN,11,38,13.0,0.588,0.455,0.364,8.7,14.6,11.6,10.9,1.3,2.4,19.0,18.0,,0.0,0.0,0.1,0.107,,-1.4,-0.4,-1.8,0.0
94,83,Clint Capela\capelca01,C,25,HOU,39,1279,20.7,0.626,0.0,0.268,13.6,30.3,21.9,5.7,1.2,4.8,12.7,16.0,,2.9,2.1,5.0,0.18600000000000003,,-1.0,2.4,1.4,1.1
95,84,DeMarre Carroll\carrode01,SF,33,SAS,15,135,5.0,0.43700000000000006,0.44799999999999995,0.69,5.6,19.0,12.3,10.2,0.7,1.3,20.9,15.3,,-0.2,0.1,-0.1,-0.036000000000000004,,-5.1,-1.2,-6.2,-0.1
96,85,Jevon Carter\carteje01,PG,24,PHO,40,578,10.6,0.541,0.546,0.105,3.9,10.7,7.3,12.9,2.5,1.6,15.0,13.8,,0.2,0.6,0.8,0.068,,-1.4,0.8,-0.6,0.2
97,86,Vince Carter\cartevi01,SF,43,ATL,49,749,7.8,0.473,0.669,0.11199999999999999,2.0,13.5,7.7,8.3,1.2,2.7,9.9,16.8,,-0.5,0.3,-0.1,-0.009000000000000001,,-3.4,-1.3,-4.7,-0.5
98,87,Wendell Carter\cartewe01,C,20,CHI,37,1109,16.1,0.5920000000000001,0.091,0.41700000000000004,12.3,24.3,18.0,6.0,1.3,2.8,14.5,16.5,,1.7,1.5,3.1,0.136,,-1.6,1.4,-0.3,0.5
99,88,Michael Carter-Williams\cartemi01,SG,28,ORL,32,566,15.4,0.504,0.26,0.35,5.4,13.9,9.5,23.1,3.0,2.5,14.3,18.3,,0.3,0.9,1.3,0.10800000000000001,,-1.5,2.3,0.8,0.4
100,89,Alex Caruso\carusal01,PG,25,LAL,50,908,10.6,0.54,0.42,0.29,1.4,9.8,5.7,12.1,2.7,1.4,14.0,13.7,,0.5,1.3,1.8,0.09699999999999999,,-1.6,1.3,-0.4,0.4
101,90,Willie Cauley-Stein\caulewi01,C,26,TOT,50,1051,16.9,0.585,0.003,0.21600000000000003,7.9,22.7,15.1,10.0,2.2,4.9,10.9,14.5,,1.4,1.4,2.8,0.128,,-2.0,3.3,1.3,0.9
102,90,Willie Cauley-Stein\caulewi01,C,26,GSW,41,940,16.2,0.573,0.0,0.222,7.8,21.8,14.6,10.0,2.3,4.8,11.0,14.4,,1.1,1.2,2.3,0.115,,-2.3,3.3,1.0,0.7
103,90,Willie Cauley-Stein\caulewi01,C,26,DAL,9,111,23.0,0.682,0.028999999999999998,0.17600000000000002,8.6,29.8,19.4,9.7,1.8,6.1,9.8,15.7,,0.3,0.2,0.5,0.233,,0.2,3.6,3.8,0.2
104,91,Tyson Chandler\chandty01,C,37,HOU,26,219,10.8,0.7170000000000001,0.0,0.722,11.8,19.7,15.7,3.5,1.3,3.1,25.2,6.0,,0.3,0.3,0.6,0.129,,-2.5,1.4,-1.1,0.1
105,92,Wilson Chandler\chandwi01,SF,32,BRK,25,517,8.8,0.552,0.624,0.14300000000000002,1.6,19.5,10.8,8.4,1.4,1.3,16.0,13.6,,0.0,0.7,0.7,0.066,,-3.1,1.1,-2.0,0.0
106,93,Zylan Cheatham\cheatzy01,SF,24,NOP,3,31,0.1,0.4,0.2,0.0,3.4,17.2,10.2,8.0,0.0,2.7,37.5,10.6,,-0.1,0.0,-0.1,-0.085,,-8.6,0.4,-8.2,0.0
107,94,Chris Chiozza\chiozch01,PG,24,TOT,14,146,9.9,0.395,0.488,0.0,0.0,13.6,6.6,29.9,3.8,1.2,18.9,15.1,,-0.1,0.1,0.0,0.008,,-3.9,-0.2,-4.1,-0.1
108,94,Chris Chiozza\chiozch01,PG,24,WAS,10,123,9.2,0.397,0.47100000000000003,0.0,0.0,13.7,6.6,28.4,3.8,1.4,20.9,14.5,,-0.1,0.1,0.0,-0.004,,-4.2,-0.2,-4.4,-0.1
109,94,Chris Chiozza\chiozch01,PG,24,BRK,4,23,13.7,0.389,0.556,0.0,0.0,13.0,6.7,37.6,4.1,0.0,10.0,18.2,,0.0,0.0,0.0,0.07,,-2.3,-0.2,-2.5,0.0
110,95,Marquese Chriss\chrisma01,PF,22,GSW,50,959,19.0,0.596,0.114,0.41200000000000003,10.1,22.1,15.9,14.3,1.6,4.9,15.2,19.1,,1.5,1.1,2.6,0.128,,-0.9,2.2,1.3,0.8
111,96,Gary Clark\clarkga01,PF,25,TOT,30,370,11.4,0.552,0.86,0.09699999999999999,6.9,14.8,10.8,4.7,0.5,3.1,4.0,11.5,,0.5,0.3,0.9,0.114,,-1.0,-1.0,-2.0,0.0
112,96,Gary Clark\clarkga01,PF,25,HOU,18,212,11.9,0.564,0.8640000000000001,0.11900000000000001,5.4,14.4,9.8,7.6,0.4,2.8,3.1,12.4,,0.4,0.2,0.6,0.126,,0.0,-1.1,-1.1,0.0
113,96,Gary Clark\clarkga01,PF,25,ORL,12,158,10.8,0.53,0.853,0.059000000000000004,9.1,15.4,12.1,0.9,0.6,3.4,5.4,10.2,,0.1,0.2,0.3,0.098,,-2.3,-0.9,-3.3,-0.1
114,97,Brandon Clarke\clarkbr01,PF,23,MEM,47,1025,21.8,0.674,0.128,0.23600000000000002,6.9,20.7,13.9,9.9,1.1,3.3,9.3,19.3,,2.9,1.1,4.1,0.19,,1.8,0.8,2.5,1.2
115,98,Jordan Clarkson\clarkjo01,SG,27,TOT,53,1277,18.6,0.5870000000000001,0.479,0.205,3.1,8.3,5.8,14.3,1.2,0.9,8.5,25.5,,2.6,0.7,3.3,0.122,,2.9,-2.8,0.1,0.7
116,98,Jordan Clarkson\clarkjo01,SG,27,CLE,29,666,18.8,0.581,0.488,0.264,3.4,8.0,5.7,17.1,1.2,1.0,9.7,25.8,,1.4,0.1,1.5,0.10800000000000001,,3.0,-3.6,-0.6,0.2
117,98,Jordan Clarkson\clarkjo01,SG,27,UTA,24,611,18.4,0.594,0.47100000000000003,0.14300000000000002,2.8,8.7,5.9,11.3,1.2,0.8,7.1,25.2,,1.2,0.6,1.8,0.138,,2.8,-1.9,0.9,0.4
118,99,Nicolas Claxton\claxtni01,PF,20,BRK,14,183,14.5,0.57,0.152,0.413,11.0,13.1,12.1,12.8,0.3,3.6,14.2,14.5,,0.3,0.2,0.5,0.12,,-1.5,1.2,-0.3,0.1
119,100,Chris Clemons\clemoch01,SG,22,HOU,28,246,12.7,0.547,0.75,0.055999999999999994,1.3,8.5,4.9,13.2,1.1,1.7,11.8,24.1,,0.1,0.2,0.2,0.047,,-0.7,-3.7,-4.4,-0.2
120,101,Antonius Cleveland\clevean01,SG,25,DAL,6,22,3.0,0.363,0.16699999999999998,0.33299999999999996,0.0,14.1,7.2,0.0,2.2,3.9,12.7,15.3,,-0.1,0.0,0.0,-0.078,,-10.3,-0.6,-10.9,0.0
121,102,Amir Coffey\coffeam01,SG,22,LAC,6,54,9.8,0.515,0.278,0.055999999999999994,3.9,9.3,6.7,8.0,0.9,1.6,9.8,15.7,,0.0,0.1,0.1,0.051,,-3.1,-0.7,-3.9,0.0
122,103,John Collins\collijo01,PF,22,ATL,30,967,22.7,0.643,0.244,0.221,8.6,25.7,17.1,7.4,0.9,4.2,9.7,22.9,,2.4,0.9,3.2,0.161,,1.5,-0.3,1.2,0.8
123,104,Zach Collins\colliza01,PF,22,POR,3,86,9.0,0.624,0.368,0.316,4.8,9.4,7.2,9.2,0.0,1.9,21.7,13.6,,0.1,0.0,0.1,0.046,,-1.8,-1.6,-3.4,0.0
124,105,Mike Conley\conlemi01,PG,32,UTA,32,893,13.0,0.511,0.41600000000000004,0.263,2.4,9.8,6.3,22.2,1.2,0.4,12.2,23.6,,0.5,0.9,1.4,0.073,,-0.2,-0.9,-1.1,0.2
125,106,Pat Connaughton\connapa01,SG,27,MIL,50,914,11.0,0.5489999999999999,0.514,0.11699999999999999,5.1,17.8,11.8,10.7,0.7,2.5,15.1,11.9,,0.6,1.7,2.3,0.122,,-1.9,2.2,0.3,0.5
126,107,Quinn Cook\cookqu01,PG,26,LAL,34,387,10.8,0.521,0.375,0.055999999999999994,2.0,8.8,5.5,13.8,1.2,0.2,12.3,20.4,,0.0,0.4,0.4,0.046,,-2.5,-2.4,-4.9,-0.3
127,108,Tyler Cook\cookty01,PF,22,CLE,11,35,24.0,0.752,0.0,0.6,12.5,19.1,15.8,4.5,1.4,0.0,7.3,16.6,,0.2,0.0,0.2,0.243,,2.4,-3.3,-1.0,0.0
128,109,Robert Covington\covinro01,PF,29,TOT,52,1538,13.6,0.5710000000000001,0.639,0.184,2.8,19.0,10.6,6.1,2.6,2.8,12.0,17.7,,0.7,2.1,2.8,0.087,,-0.6,1.3,0.7,1.0
129,109,Robert Covington\covinro01,PF,29,MIN,48,1411,13.6,0.5720000000000001,0.629,0.19,2.6,19.3,10.7,5.9,2.6,2.6,12.0,17.8,,0.6,1.9,2.5,0.084,,-0.6,1.2,0.6,0.9
130,109,Robert Covington\covinro01,PF,29,HOU,4,127,13.7,0.5539999999999999,0.762,0.11900000000000001,4.9,15.7,10.3,7.7,2.6,4.7,12.0,16.3,,0.1,0.2,0.3,0.11,,-0.6,2.0,1.5,0.1
131,110,Allen Crabbe\crabbal01,SG,27,TOT,36,642,6.3,0.475,0.669,0.08,1.8,11.2,6.4,7.0,1.1,0.5,8.1,12.7,,-0.2,0.2,0.0,-0.001,,-3.1,-2.0,-5.2,-0.5
132,110,Allen Crabbe\crabbal01,SG,27,ATL,28,522,7.2,0.48200000000000004,0.65,0.084,2.0,11.5,6.7,7.4,1.3,0.6,7.5,12.8,,0.0,0.1,0.1,0.009000000000000001,,-2.8,-1.8,-4.5,-0.3
133,110,Allen Crabbe\crabbal01,SG,27,MIN,8,120,2.4,0.441,0.75,0.063,0.8,9.9,5.2,5.7,0.0,0.0,10.8,12.7,,-0.1,0.0,-0.1,-0.042,,-4.8,-3.1,-7.9,-0.2
134,111,Torrey Craig\craigto01,SF,29,DEN,42,760,10.0,0.5489999999999999,0.52,0.177,6.1,14.6,10.3,4.9,1.0,3.3,9.2,11.8,,0.6,0.9,1.5,0.095,,-1.5,0.8,-0.7,0.3
135,112,Jae Crowder\crowdja01,SF,29,TOT,48,1413,12.0,0.529,0.6679999999999999,0.243,3.3,18.9,11.2,11.7,1.8,0.9,10.6,15.7,,0.9,1.4,2.3,0.078,,-0.1,0.6,0.6,0.9
136,112,Jae Crowder\crowdja01,SF,29,MEM,45,1322,11.0,0.507,0.667,0.23800000000000002,3.3,18.6,11.1,12.1,1.7,0.9,10.9,15.6,,0.4,1.3,1.7,0.063,,-0.5,0.7,0.1,0.7
137,112,Jae Crowder\crowdja01,SF,29,MIA,3,91,26.1,0.8190000000000001,0.69,0.31,3.9,22.3,13.5,7.0,3.2,1.1,5.7,17.0,,0.4,0.2,0.6,0.299,,6.6,0.2,6.7,0.2
138,113,Jarrett Culver\culveja01,SG,20,MIN,52,1268,9.1,0.449,0.39,0.205,4.7,10.0,7.3,11.0,1.9,2.3,11.8,19.4,,-1.4,1.0,-0.3,-0.012,,-3.5,0.1,-3.4,-0.4
139,114,Seth Curry\curryse01,SG,29,DAL,51,1203,15.5,0.631,0.5670000000000001,0.168,2.0,7.9,5.0,12.0,1.2,0.6,9.0,18.2,,2.8,0.6,3.4,0.134,,2.6,-2.1,0.5,0.8
140,115,Stephen Curry\curryst01,PG,31,GSW,4,112,20.3,0.5479999999999999,0.561,0.273,3.7,15.9,9.6,42.1,2.1,1.6,16.9,33.8,,0.1,0.1,0.2,0.069,,4.3,-1.2,3.1,0.1
141,116,Troy Daniels\danietr01,SG,28,LAL,39,446,9.0,0.529,0.706,0.098,3.0,7.7,5.4,4.1,0.9,0.6,5.3,16.0,,0.3,0.4,0.7,0.071,,-0.9,-2.6,-3.5,-0.2
142,117,Anthony Davis\davisan02,PF,26,LAL,46,1595,28.3,0.619,0.188,0.455,6.7,22.1,14.6,15.1,2.2,6.0,10.1,29.2,,5.5,3.3,8.8,0.265,,3.4,3.7,7.1,3.7
143,118,Ed Davis\davised01,C,30,UTA,25,268,7.3,0.425,0.0,0.324,12.4,25.6,19.3,3.8,1.8,2.8,25.1,8.5,,-0.1,0.5,0.4,0.079,,-4.6,3.5,-1.0,0.1
144,119,Terence Davis\daviste02,SG,22,TOR,55,954,15.5,0.615,0.5670000000000001,0.125,5.0,16.1,10.6,14.7,1.5,1.1,13.2,18.4,,1.6,1.4,3.0,0.15,,1.3,0.3,1.6,0.9
145,120,Dewayne Dedmon\dedmode01,C,30,TOT,37,619,9.3,0.489,0.41600000000000004,0.157,8.3,26.3,17.0,3.9,1.4,5.4,19.8,18.4,,-0.8,0.8,0.0,0.003,,-5.9,1.2,-4.7,-0.4
146,120,Dewayne Dedmon\dedmode01,C,30,SAC,34,541,8.6,0.47700000000000004,0.415,0.16399999999999998,9.3,26.1,17.4,4.0,1.4,4.6,20.4,18.5,,-0.8,0.7,-0.1,-0.005,,-6.0,0.8,-5.2,-0.4
147,120,Dewayne Dedmon\dedmode01,C,30,ATL,3,78,14.2,0.5670000000000001,0.423,0.115,1.4,27.9,14.5,3.8,1.8,10.7,15.5,17.2,,0.0,0.1,0.1,0.061,,-5.7,3.9,-1.7,0.0
148,121,Matthew Dellavedova\dellama01,PG,29,CLE,46,565,7.1,0.428,0.523,0.21899999999999997,2.3,7.9,5.1,28.1,1.3,0.2,22.6,13.7,,-0.2,0.0,-0.2,-0.013000000000000001,,-3.8,-3.3,-7.1,-0.7
149,122,DeMar DeRozan\derozde01,SF,30,SAS,52,1783,22.0,0.604,0.035,0.423,2.0,15.6,8.8,24.5,1.5,0.6,11.5,27.2,,4.6,1.0,5.6,0.151,,2.4,-1.0,1.5,1.6
150,123,Cheick Diallo\diallch01,C,23,PHO,38,420,17.0,0.7070000000000001,0.017,0.289,6.2,23.9,14.9,7.3,1.1,2.3,16.0,16.4,,0.8,0.5,1.3,0.145,,-1.7,0.2,-1.5,0.1
151,124,Hamidou Diallo\diallha01,SF,21,OKC,32,606,8.6,0.488,0.15,0.20199999999999999,4.7,14.8,9.9,4.6,2.0,0.8,13.6,17.7,,-0.5,0.7,0.2,0.015,,-4.8,-0.1,-4.9,-0.4
152,125,Gorgui Dieng\dienggo01,C,30,TOT,47,791,18.1,0.563,0.435,0.20800000000000002,9.5,25.3,17.2,11.5,2.3,4.5,12.7,18.5,,1.0,1.2,2.2,0.136,,-0.2,2.7,2.4,0.9
153,125,Gorgui Dieng\dienggo01,C,30,MIN,46,778,18.0,0.563,0.433,0.213,9.5,25.5,17.3,11.3,2.2,4.5,12.7,18.4,,1.0,1.2,2.2,0.135,,-0.3,2.6,2.3,0.8
154,125,Gorgui Dieng\dienggo01,C,30,MEM,1,13,25.8,0.583,0.5,0.0,8.3,16.0,12.2,23.2,7.2,6.6,14.3,22.5,,0.0,0.0,0.1,0.20800000000000002,,3.9,7.2,11.0,0.0
155,126,Spencer Dinwiddie\dinwisp01,SG,26,BRK,53,1654,18.0,0.5379999999999999,0.379,0.419,1.7,9.5,5.7,34.9,1.0,0.8,12.2,29.7,,2.7,1.5,4.2,0.121,,2.4,-1.8,0.5,1.1
156,127,Donte DiVincenzo\divindo01,SG,23,MIL,49,1124,14.8,0.56,0.47700000000000004,0.154,4.6,14.9,10.1,12.7,3.0,1.1,13.0,16.9,,1.0,2.5,3.5,0.151,,0.0,2.6,2.7,1.3
157,128,Luka Dončić\doncilu01,PG,20,DAL,44,1443,29.2,0.5920000000000001,0.444,0.445,4.6,25.6,15.3,46.4,1.5,0.4,14.6,37.3,,5.4,1.7,7.1,0.23600000000000002,,9.5,1.8,11.4,4.9
158,129,Luguentz Dort\dortlu01,SG,20,OKC,20,416,6.3,0.511,0.49,0.235,3.0,4.9,4.0,3.9,1.8,0.2,9.6,13.2,,0.0,0.3,0.3,0.038,,-2.0,-0.8,-2.8,-0.1
159,130,Damyean Dotson\dotsoda01,SG,25,NYK,45,783,11.2,0.537,0.5660000000000001,0.12,1.0,10.3,5.5,10.1,1.3,0.5,6.6,16.3,,0.6,0.3,1.0,0.059000000000000004,,-0.7,-2.2,-2.9,-0.2
160,131,Sekou Doumbouya\doumbse01,SF,19,DET,29,571,6.8,0.486,0.405,0.205,3.1,16.1,9.6,2.8,1.5,1.0,13.3,17.7,,-0.6,0.4,-0.2,-0.015,,-5.1,-1.6,-6.7,-0.7
161,132,PJ Dozier\doziepj01,PG,23,DEN,15,221,9.8,0.467,0.313,0.133,2.5,12.5,7.5,16.7,1.6,2.1,11.1,19.4,,-0.1,0.2,0.2,0.035,,-3.4,-0.3,-3.8,-0.1
162,133,Goran Dragić\dragigo01,PG,33,MIA,43,1217,16.2,0.5760000000000001,0.475,0.317,1.8,9.6,5.9,28.8,1.0,0.6,15.4,25.7,,1.6,0.9,2.5,0.099,,1.6,-2.5,-1.0,0.3
163,134,Andre Drummond\drumman01,C,26,TOT,51,1705,22.2,0.5489999999999999,0.035,0.375,15.6,37.7,26.5,13.9,2.8,4.1,18.2,25.6,,0.8,3.4,4.3,0.12,,-1.4,4.4,3.0,2.2
164,134,Andre Drummond\drumman01,C,26,DET,49,1654,22.2,0.55,0.031,0.376,15.3,37.7,26.4,13.9,2.9,4.1,18.0,25.4,,0.9,3.4,4.2,0.12300000000000001,,-1.4,4.5,3.2,2.1
165,134,Andre Drummond\drumman01,C,26,CLE,2,51,23.8,0.525,0.14800000000000002,0.37,25.7,37.2,31.4,13.6,1.9,5.0,22.3,33.8,,-0.1,0.1,0.0,0.019,,-2.4,1.1,-1.3,0.0
166,135,Jared Dudley\dudleja01,SF,34,LAL,36,297,7.6,0.593,0.688,0.042,1.9,12.6,7.4,7.3,1.8,0.9,10.9,7.8,,0.3,0.4,0.6,0.10400000000000001,,-1.5,0.7,-0.7,0.1
167,136,Kris Dunn\dunnkr01,PG,25,CHI,51,1269,12.2,0.51,0.327,0.158,1.9,14.6,8.0,19.7,3.8,1.3,15.7,14.6,,0.3,2.0,2.3,0.087,,-2.1,2.7,0.5,0.8
168,137,Carsen Edwards\edwarca01,SG,21,BOS,33,296,6.5,0.442,0.602,0.126,1.8,13.0,7.5,10.0,1.6,0.9,12.1,17.9,,-0.3,0.4,0.1,0.01,,-3.9,-1.0,-4.9,-0.2
169,138,Henry Ellenson\ellenhe01,PF,23,BRK,5,15,-1.2,0.14300000000000002,0.5710000000000001,0.0,14.1,26.6,20.5,8.8,0.0,0.0,0.0,19.5,,-0.1,0.0,-0.1,-0.17800000000000002,,-9.8,-2.9,-12.7,0.0
170,139,Wayne Ellington\ellinwa01,SG,32,NYK,28,429,8.4,0.515,0.799,0.09699999999999999,0.9,10.8,5.7,9.3,1.2,0.4,9.7,15.3,,0.1,0.2,0.3,0.031,,-1.4,-2.3,-3.7,-0.2
171,140,Joel Embiid\embiijo01,C,25,PHI,39,1188,24.9,0.584,0.244,0.523,9.7,33.1,21.5,17.5,1.3,3.8,13.3,32.0,,2.5,2.3,4.9,0.196,,1.6,2.2,3.8,1.8
172,141,James Ennis\ennisja01,SF,29,TOT,51,806,12.3,0.563,0.46399999999999997,0.285,7.0,14.2,10.6,7.3,1.4,1.5,11.1,15.9,,0.9,1.0,1.9,0.113,,-1.0,-0.3,-1.3,0.1
173,141,James Ennis\ennisja01,SF,29,PHI,49,776,12.3,0.564,0.469,0.27,6.8,14.3,10.6,7.4,1.4,1.5,10.9,15.8,,0.8,1.0,1.9,0.115,,-1.0,-0.2,-1.1,0.2
174,141,James Ennis\ennisja01,SF,29,ORL,2,30,11.7,0.5579999999999999,0.33299999999999996,0.667,10.2,11.1,10.6,5.0,0.0,0.0,14.7,19.8,,0.0,0.0,0.0,0.061,,-2.9,-3.9,-6.8,0.0
175,142,Drew Eubanks\eubandr01,PF,22,SAS,8,42,20.4,0.705,0.0,0.2,15.4,28.0,21.7,7.6,0.0,2.1,23.5,22.0,,0.1,0.0,0.1,0.121,,-1.3,-2.4,-3.8,0.0
176,143,Jacob Evans\evansja02,SG,22,TOT,28,415,5.7,0.439,0.28600000000000003,0.218,2.2,8.6,5.3,10.9,1.3,2.6,14.6,17.5,,-0.6,0.2,-0.4,-0.052000000000000005,,-6.3,-1.2,-7.5,-0.6
177,143,Jacob Evans\evansja02,SG,22,GSW,27,414,5.7,0.439,0.28600000000000003,0.218,2.3,8.6,5.3,11.0,1.3,2.6,14.6,17.6,,-0.6,0.2,-0.4,-0.052000000000000005,,-6.3,-1.2,-7.5,-0.6
178,143,Jacob Evans\evansja02,SG,22,MIN,1,1,0.0,,,,0.0,0.0,0.0,0.0,0.0,0.0,,0.0,,0.0,0.0,0.0,-0.008,,-6.8,-0.2,-6.9,0.0
179,144,Dante Exum\exumda01,SG,24,TOT,32,430,9.4,0.545,0.33299999999999996,0.33299999999999996,2.3,12.3,7.3,12.6,1.5,1.0,19.0,15.2,,0.0,0.2,0.2,0.023,,-3.1,-0.8,-3.9,-0.2
180,144,Dante Exum\exumda01,SG,24,UTA,11,83,4.9,0.503,0.261,0.087,4.1,11.3,7.9,11.7,0.6,2.0,29.5,17.8,,-0.2,0.1,-0.1,-0.047,,-6.4,0.3,-6.1,-0.1
181,144,Dante Exum\exumda01,SG,24,CLE,21,347,10.5,0.555,0.353,0.4,1.9,12.5,7.2,12.8,1.7,0.7,16.0,14.6,,0.2,0.1,0.3,0.039,,-2.3,-1.1,-3.4,-0.1
182,145,Tacko Fall\fallta01,C,24,BOS,6,24,23.9,0.713,0.0,0.25,0.0,48.9,24.7,0.0,0.0,7.6,18.4,29.0,,0.0,0.1,0.1,0.102,,-9.4,-4.4,-13.8,-0.1
183,146,Derrick Favors\favorde01,C,28,NOP,36,859,19.6,0.631,0.02,0.215,14.0,30.0,21.9,11.1,1.1,3.5,15.1,15.2,,1.9,1.1,3.0,0.166,,0.2,2.4,2.6,1.0
184,147,Cristiano Felício\feliccr01,PF,27,CHI,15,267,12.6,0.6609999999999999,0.051,0.462,14.9,14.1,14.5,5.2,1.1,0.4,20.4,9.4,,0.5,0.2,0.7,0.128,,-1.0,0.0,-1.1,0.1
185,148,Terrance Ferguson\fergute01,SF,21,OKC,41,1024,4.4,0.52,0.775,0.075,2.3,4.7,3.6,5.1,1.1,1.0,12.7,8.8,,0.0,0.7,0.7,0.034,,-1.4,0.2,-1.2,0.2
186,149,Bruno Fernando\fernabr01,C,21,ATL,45,550,11.4,0.5379999999999999,0.204,0.257,10.7,19.0,14.8,10.0,1.3,2.4,19.1,15.8,,0.1,0.4,0.5,0.040999999999999995,,-3.1,0.0,-3.1,-0.2
187,150,Yogi Ferrell\ferreyo01,PG,26,SAC,42,467,11.5,0.51,0.402,0.213,1.4,10.0,5.6,17.8,1.5,0.8,11.4,18.9,,0.2,0.3,0.5,0.048,,-2.3,-2.1,-4.5,-0.3
188,151,Dorian Finney-Smith\finnedo01,PF,26,DAL,55,1635,12.4,0.594,0.584,0.20800000000000002,7.3,12.4,9.9,6.8,1.1,1.6,11.2,12.9,,2.6,1.2,3.7,0.11,,1.4,0.4,1.8,1.6
189,152,Bryn Forbes\forbebr01,SG,26,SAS,54,1367,11.0,0.5529999999999999,0.648,0.139,0.9,7.7,4.4,10.5,1.0,0.0,8.0,18.6,,1.0,0.2,1.2,0.042,,0.9,-3.4,-2.5,-0.2
190,153,Evan Fournier\fournev01,SG,27,ORL,54,1713,16.2,0.5920000000000001,0.45899999999999996,0.242,0.7,8.5,4.5,17.0,1.7,0.5,11.4,24.4,,2.2,1.6,3.8,0.106,,2.0,-1.8,0.2,0.9
191,154,De'Aaron Fox\foxde01,PG,22,SAC,36,1135,19.8,0.544,0.21,0.435,2.4,12.9,7.5,36.9,2.3,1.7,15.3,29.5,,1.3,1.1,2.4,0.102,,1.5,0.1,1.7,1.1
192,155,Melvin Frazier\frazime01,SG,23,ORL,14,48,9.2,0.48,0.41200000000000003,0.235,2.1,6.9,4.4,3.1,4.1,3.8,9.6,18.8,,-0.1,0.1,0.0,0.036000000000000004,,-4.7,1.3,-3.3,0.0
193,156,Michael Frazier\frazimi01,SG,25,HOU,7,60,2.5,0.515,0.778,0.667,1.7,3.5,2.6,2.1,1.5,0.0,14.7,9.3,,0.0,0.0,0.0,0.018000000000000002,,-3.8,-1.9,-5.7,-0.1
194,157,Tim Frazier\fraziti01,PG,29,DET,27,355,9.8,0.46399999999999997,0.319,0.255,2.8,7.7,5.2,36.2,1.9,0.9,25.6,17.2,,-0.1,0.2,0.1,0.02,,-3.9,-2.6,-6.5,-0.4
195,158,Markelle Fultz\fultzma01,PG,21,ORL,54,1523,14.3,0.52,0.177,0.212,1.7,11.8,6.6,28.3,2.3,0.5,15.1,20.8,,0.4,1.8,2.3,0.071,,-1.5,0.0,-1.5,0.2
196,159,Wenyen Gabriel\gabriwe01,PF,22,TOT,18,118,7.1,0.455,0.387,0.387,6.3,11.1,8.7,4.6,2.0,3.0,16.2,15.8,,-0.1,0.1,0.0,-0.009000000000000001,,-4.8,0.0,-4.8,-0.1
197,159,Wenyen Gabriel\gabriwe01,PF,22,SAC,11,61,7.6,0.444,0.47100000000000003,0.588,7.1,11.5,9.2,6.7,2.4,3.1,18.9,18.9,,-0.1,0.1,0.0,-0.027999999999999997,,-5.3,0.2,-5.1,0.0
198,159,Wenyen Gabriel\gabriwe01,PF,22,POR,7,57,6.7,0.47,0.28600000000000003,0.14300000000000002,5.5,10.7,8.1,2.3,1.7,2.9,11.8,12.5,,0.0,0.0,0.0,0.011000000000000001,,-4.3,-0.3,-4.5,0.0
199,160,Daniel Gafford\gaffoda01,C,21,CHI,33,420,17.1,0.66,0.0,0.38,9.7,10.6,10.1,5.1,1.0,9.4,13.4,13.7,,0.8,0.6,1.3,0.153,,-1.9,4.0,2.1,0.4
200,161,Danilo Gallinari\gallida01,PF,31,OKC,47,1443,20.0,0.617,0.541,0.35700000000000004,2.5,17.5,10.2,11.7,1.1,0.2,7.9,24.4,,3.8,1.4,5.2,0.174,,3.7,-1.7,1.9,1.4
201,162,Langston Galloway\gallola01,SG,28,DET,57,1480,12.1,0.583,0.62,0.16699999999999998,2.0,7.5,4.8,8.8,1.4,0.6,6.4,15.5,,2.1,0.7,2.8,0.09,,1.0,-1.6,-0.6,0.5
202,163,Darius Garland\garlada01,PG,20,CLE,53,1616,8.3,0.494,0.43700000000000006,0.11,1.6,5.3,3.4,18.6,1.1,0.1,17.6,21.0,,-1.3,-0.1,-1.5,-0.043,,-2.5,-3.5,-6.0,-1.6
203,164,Marc Gasol\gasolma01,C,35,TOR,35,974,12.1,0.551,0.537,0.156,3.2,20.9,12.2,16.8,1.4,3.3,14.8,12.7,,0.9,1.7,2.6,0.13,,-1.0,3.5,2.5,1.1
204,165,Rudy Gay\gayru01,PF,33,SAS,51,1072,14.1,0.545,0.375,0.24100000000000002,4.3,22.7,13.6,11.5,0.9,1.9,13.4,20.8,,0.4,0.8,1.2,0.052000000000000005,,-1.5,-0.8,-2.3,-0.1
205,166,Paul George\georgpa01,SF,29,LAC,34,1001,20.3,0.578,0.495,0.27699999999999997,1.6,19.3,10.6,21.4,2.1,1.6,13.8,30.6,,1.3,1.6,2.9,0.14,,2.7,0.8,3.5,1.4
206,167,Taj Gibson\gibsota01,C,34,NYK,52,857,15.3,0.593,0.047,0.16899999999999998,11.0,16.8,13.8,8.3,1.3,2.5,13.6,14.5,,1.3,0.7,2.0,0.11,,-1.0,0.7,-0.3,0.4
207,168,Harry Giles\gilesha01,PF,21,SAC,28,349,16.0,0.5720000000000001,0.0,0.16399999999999998,7.5,24.4,15.7,15.1,2.0,2.5,15.4,20.3,,0.3,0.4,0.8,0.107,,-2.5,1.6,-0.9,0.1
208,169,Shai Gilgeous-Alexander\gilgesh01,SG,21,OKC,55,1955,17.5,0.56,0.237,0.33899999999999997,2.3,16.1,9.4,14.3,1.6,1.6,9.7,23.9,,2.4,2.3,4.7,0.11699999999999999,,0.0,0.5,0.6,1.3
209,170,Rudy Gobert\goberru01,C,27,UTA,52,1797,22.4,0.691,0.0,0.6890000000000001,12.3,32.7,23.0,6.6,0.9,4.7,14.8,16.7,,5.2,3.5,8.8,0.23399999999999999,,1.1,3.9,5.0,3.2
210,171,Brandon Goodwin\goodwbr01,PG,24,ATL,26,355,12.1,0.51,0.45899999999999996,0.151,3.0,16.3,9.6,17.3,1.4,0.9,12.8,22.8,,-0.1,0.2,0.1,0.016,,-2.1,-2.3,-4.4,-0.2
211,172,Aaron Gordon\gordoaa01,PF,24,ORL,49,1580,14.1,0.504,0.317,0.27,5.5,19.2,12.1,15.5,1.2,1.4,9.9,21.0,,0.6,1.9,2.5,0.075,,-1.1,0.7,-0.5,0.6
212,173,Eric Gordon\gordoer01,SG,31,HOU,28,823,11.0,0.517,0.66,0.23800000000000002,0.9,6.3,3.5,7.3,1.0,1.1,6.3,22.0,,0.3,0.4,0.8,0.045,,-0.9,-3.3,-4.3,-0.5
213,174,Devonte' Graham\grahade01,PG,24,CHO,54,1901,15.9,0.536,0.616,0.244,2.3,9.2,5.6,36.3,1.3,0.7,14.7,24.6,,2.3,0.7,3.0,0.075,,2.9,-2.8,0.1,1.0
214,175,Treveon Graham\grahatr01,SG,26,TOT,45,784,5.9,0.446,0.495,0.223,4.4,12.0,8.1,5.4,1.2,0.5,9.4,12.9,,-0.3,0.4,0.1,0.005,,-3.9,-1.2,-5.1,-0.6
215,175,Treveon Graham\grahatr01,SG,26,MIN,33,663,6.1,0.447,0.474,0.21100000000000002,4.4,11.6,7.9,6.2,1.2,0.3,9.0,13.1,,-0.2,0.3,0.1,0.008,,-3.6,-1.0,-4.6,-0.4
216,175,Treveon Graham\grahatr01,SG,26,ATL,12,121,4.6,0.442,0.63,0.29600000000000004,4.4,14.4,9.4,1.1,1.2,2.1,11.6,11.9,,-0.1,0.1,0.0,-0.017,,-5.6,-2.0,-7.6,-0.2
217,176,Jerami Grant\grantje01,PF,25,DEN,54,1424,13.8,0.58,0.397,0.304,3.7,11.7,7.7,6.1,1.2,3.1,7.9,17.4,,1.9,1.5,3.4,0.115,,-0.2,0.2,0.0,0.7
218,177,Josh Gray\grayjo01,PG,26,NOP,2,23,-5.0,0.5,0.0,0.0,4.5,4.6,4.6,10.5,0.0,0.0,71.4,12.5,,-0.1,0.0,-0.1,-0.22899999999999998,,-11.3,-1.7,-13.1,-0.1
219,178,Danny Green\greenda02,SG,32,LAL,52,1299,11.5,0.5660000000000001,0.695,0.11699999999999999,3.3,11.7,7.6,6.9,2.4,1.7,10.4,14.4,,1.0,1.9,2.9,0.10800000000000001,,0.5,1.2,1.7,1.2
220,179,Draymond Green\greendr01,PF,29,GSW,41,1194,12.7,0.491,0.405,0.26899999999999996,2.0,22.2,11.7,30.9,2.3,2.5,21.4,15.7,,-0.1,1.3,1.2,0.048,,-2.6,2.0,-0.6,0.4
221,180,JaMychal Green\greenja01,PF,29,LAC,46,952,10.4,0.537,0.672,0.156,7.3,24.1,15.9,4.7,1.1,1.6,12.8,13.6,,0.5,1.5,2.0,0.099,,-1.4,0.7,-0.8,0.3
222,181,Javonte Green\greenja02,SF,26,BOS,41,375,13.0,0.569,0.245,0.38299999999999995,4.6,15.1,9.9,7.7,2.8,1.2,12.7,14.3,,0.3,0.6,1.0,0.12300000000000001,,-1.8,1.3,-0.5,0.1
223,182,Jeff Green\greenje02,PF,33,UTA,30,553,10.1,0.523,0.5329999999999999,0.32299999999999995,2.9,12.6,8.0,5.1,1.1,1.5,10.8,19.7,,0.0,0.6,0.6,0.055,,-2.1,-0.7,-2.9,-0.1
224,183,Blake Griffin\griffbl01,PF,30,DET,18,512,12.0,0.47600000000000003,0.444,0.392,3.7,14.9,9.2,17.8,0.7,1.1,12.0,28.3,,-0.3,0.3,-0.1,-0.006,,-2.1,-2.4,-4.5,-0.3
225,184,Marko Guduric\gudurma01,SG,24,MEM,33,434,7.8,0.5,0.514,0.16699999999999998,3.0,12.0,7.5,11.9,1.2,1.4,18.7,17.5,,-0.4,0.3,-0.1,-0.008,,-3.7,-1.0,-4.7,-0.3
226,185,Kyle Guy\guyky01,SG,22,SAC,2,4,9.9,0.5,0.5,0.0,0.0,0.0,0.0,0.0,0.0,0.0,0.0,21.8,,0.0,0.0,0.0,-0.021,,-3.4,-7.5,-10.9,0.0
227,186,Rui Hachimura\hachiru01,PF,21,WAS,30,864,14.4,0.54,0.155,0.19399999999999998,5.6,17.3,11.2,7.8,1.2,0.5,6.5,19.8,,0.9,0.2,1.1,0.063,,-1.2,-2.3,-3.5,-0.3
228,187,Devon Hall\hallde01,SG,24,OKC,5,20,3.6,0.37,0.4,0.8,0.0,5.4,2.8,19.2,0.0,0.0,12.9,17.1,,0.0,0.0,0.0,-0.061,,-6.9,-4.7,-11.6,0.0
229,188,Tim Hardaway\hardati02,SG,27,DAL,52,1424,14.9,0.5760000000000001,0.575,0.18,1.5,9.8,5.7,10.8,1.1,0.2,6.7,21.5,,2.5,0.7,3.2,0.10800000000000001,,2.0,-2.7,-0.7,0.5
230,189,James Harden\hardeja01,SG,30,HOU,51,1891,29.0,0.62,0.5529999999999999,0.517,3.0,15.4,9.2,34.2,2.0,2.2,13.6,36.6,,7.8,2.2,10.1,0.255,,9.1,0.1,9.3,5.4
231,190,Maurice Harkless\harklma01,SF,26,TOT,51,1166,9.6,0.575,0.33899999999999997,0.188,4.3,13.6,9.0,5.6,2.0,2.3,15.9,10.2,,0.5,1.7,2.2,0.091,,-1.7,2.8,1.1,0.9
232,190,Maurice Harkless\harklma01,SF,26,LAC,50,1141,9.6,0.584,0.336,0.19399999999999998,4.3,13.5,9.0,5.5,2.0,2.3,16.3,10.2,,0.5,1.7,2.2,0.094,,-1.6,2.9,1.3,0.9
233,190,Maurice Harkless\harklma01,SF,26,NYK,1,25,5.3,0.28600000000000003,0.429,0.0,4.1,17.6,10.6,10.9,1.9,0.0,0.0,11.9,,0.0,0.0,0.0,-0.023,,-5.5,-0.5,-6.0,0.0
234,191,Jared Harper\harpeja01,PG,22,PHO,3,8,-5.3,0.25,0.5,0.0,0.0,0.0,0.0,0.0,0.0,0.0,0.0,21.3,,0.0,0.0,0.0,-0.251,,-11.5,-6.9,-18.4,0.0
235,192,Montrezl Harrell\harremo01,C,26,LAC,54,1533,22.5,0.598,0.022000000000000002,0.402,10.0,15.5,12.8,10.6,1.1,3.5,10.3,25.6,,3.6,2.1,5.7,0.17800000000000002,,1.0,1.1,2.1,1.6
236,193,Gary Harris\harriga01,SG,25,DEN,46,1476,9.1,0.496,0.418,0.17300000000000001,1.6,8.4,5.0,9.2,2.0,0.7,9.2,15.3,,0.1,1.5,1.6,0.051,,-1.8,0.1,-1.6,0.1
237,194,Joe Harris\harrijo01,SF,28,BRK,52,1634,12.6,0.59,0.534,0.121,3.0,10.9,7.1,10.1,1.0,0.7,10.7,17.5,,1.8,1.5,3.3,0.09699999999999999,,0.5,-0.4,0.1,0.9
238,195,Tobias Harris\harrito02,PF,27,PHI,55,1884,16.4,0.5579999999999999,0.312,0.187,2.2,19.3,10.8,14.1,1.0,1.4,8.0,23.3,,2.3,2.4,4.8,0.121,,0.1,0.0,0.1,1.0
239,196,Shaquille Harrison\harrish01,SF,26,CHI,33,253,16.4,0.525,0.226,0.33299999999999996,3.3,16.7,9.7,18.9,3.2,2.6,10.1,20.0,,0.2,0.4,0.6,0.122,,-2.0,1.6,-0.5,0.1
240,197,Josh Hart\hartjo01,SF,24,NOP,48,1351,12.1,0.568,0.6759999999999999,0.191,3.6,20.5,12.0,7.7,1.8,1.2,10.9,15.3,,1.2,1.3,2.4,0.087,,0.0,0.3,0.3,0.8
241,198,Isaiah Hartenstein\harteis01,C,21,HOU,23,266,18.8,0.674,0.075,0.418,11.3,24.1,17.6,9.9,1.6,3.9,16.8,14.7,,0.7,0.4,1.1,0.191,,-0.8,2.0,1.2,0.2
242,199,Udonis Haslem\hasleud01,PF,39,MIA,2,11,16.0,0.9059999999999999,0.0,4.0,0.0,29.1,15.2,0.0,0.0,0.0,0.0,11.1,,0.1,0.0,0.1,0.28800000000000003,,-1.9,-5.7,-7.6,0.0
243,200,Jaxson Hayes\hayesja02,C,19,NOP,52,928,18.2,0.677,0.017,0.747,9.2,16.1,12.6,7.6,1.1,4.6,11.6,15.2,,2.5,0.9,3.4,0.17600000000000002,,0.4,1.4,1.8,0.9
244,201,Gordon Hayward\haywago01,SF,29,BOS,37,1227,18.6,0.598,0.31,0.18600000000000003,3.6,18.1,10.9,18.9,1.1,1.3,10.7,20.8,,2.7,1.6,4.3,0.168,,2.2,0.7,2.9,1.5
245,202,John Henson\hensojo01,PF,29,TOT,32,453,17.7,0.5660000000000001,0.23800000000000002,0.262,8.5,22.7,15.5,14.3,1.8,6.8,14.2,15.9,,0.5,0.5,1.1,0.115,,-1.0,3.5,2.5,0.5
246,202,John Henson\hensojo01,PF,29,CLE,29,412,17.0,0.539,0.258,0.275,8.5,22.2,15.3,15.3,1.9,6.6,13.5,16.1,,0.4,0.5,0.9,0.107,,-1.1,3.6,2.5,0.5
247,202,John Henson\hensojo01,PF,29,DET,3,41,24.7,0.91,0.0,0.1,8.2,27.7,17.9,4.1,1.2,8.1,22.3,14.2,,0.1,0.1,0.2,0.19899999999999998,,-0.5,2.9,2.4,0.0
248,203,Dewan Hernandez\hernade01,C,23,TOR,4,11,4.2,0.34,0.2,0.4,19.5,46.9,33.5,0.0,4.3,0.0,14.5,26.8,,0.0,0.0,0.0,0.005,,-14.0,-6.2,-20.2,-0.1
249,204,Juan Hernangómez\hernaju01,PF,24,TOT,37,512,8.4,0.47,0.51,0.262,6.3,17.9,12.1,6.8,0.7,1.0,10.5,15.1,,-0.1,0.5,0.4,0.038,,-3.4,-1.2,-4.6,-0.3
250,204,Juan Hernangómez\hernaju01,PF,24,DEN,34,422,6.9,0.442,0.545,0.22699999999999998,6.2,18.6,12.4,6.8,0.6,1.1,12.9,14.3,,-0.2,0.4,0.2,0.019,,-4.2,-1.0,-5.1,-0.3
251,204,Juan Hernangómez\hernaju01,PF,24,MIN,3,90,15.6,0.5529999999999999,0.4,0.371,6.8,14.5,10.5,6.8,1.0,0.9,2.4,19.1,,0.2,0.1,0.2,0.127,,0.1,-2.6,-2.5,0.0
252,205,Willy Hernangómez\hernawi01,C,25,CHO,24,254,18.0,0.565,0.198,0.455,12.3,25.0,18.4,11.1,1.2,1.8,15.4,24.7,,0.2,0.2,0.4,0.078,,-2.0,-1.3,-3.3,-0.1
253,206,Tyler Herro\herroty01,SG,20,MIA,46,1273,11.6,0.535,0.47600000000000003,0.149,1.3,14.4,8.2,11.2,1.1,0.5,11.3,22.0,,-0.1,1.2,1.0,0.039,,-1.8,-1.6,-3.4,-0.4
254,207,Kevin Hervey\herveke01,PF,23,OKC,6,13,-12.5,0.0,0.8,0.0,0.0,16.5,8.5,9.3,0.0,0.0,0.0,17.0,,-0.1,0.0,-0.1,-0.359,,-13.9,-3.3,-17.2,0.0
255,208,Mario Hezonja\hezonma01,PF,24,POR,39,633,8.2,0.493,0.34,0.314,3.8,18.9,11.4,6.2,1.8,0.8,14.0,13.8,,-0.1,0.5,0.4,0.03,,-3.5,-0.1,-3.6,-0.3
256,209,Buddy Hield\hieldbu01,SG,27,SAC,54,1805,16.0,0.563,0.5770000000000001,0.12,3.1,14.1,8.4,16.0,1.2,0.8,12.0,26.8,,1.4,1.2,2.6,0.068,,2.2,-1.9,0.3,1.0
257,210,George Hill\hillge01,PG,33,MIL,44,928,18.1,0.685,0.46299999999999997,0.237,4.5,9.2,7.0,19.0,1.6,0.4,11.8,15.7,,2.9,1.5,4.4,0.228,,3.3,0.1,3.3,1.3
258,211,Solomon Hill\hillso01,SF,28,MEM,48,901,10.2,0.5489999999999999,0.631,0.163,2.9,13.8,8.4,13.2,1.6,0.7,13.8,13.4,,0.5,0.7,1.2,0.066,,-0.8,-0.1,-1.0,0.2
259,212,Jaylen Hoard\hoardja01,SF,20,POR,13,103,14.9,0.504,0.094,0.406,14.1,17.7,15.9,5.4,2.3,0.0,9.6,17.1,,0.1,0.1,0.2,0.09699999999999999,,-1.7,-1.6,-3.3,0.0
260,213,Aaron Holiday\holidaa01,PG,23,IND,49,1117,12.8,0.525,0.41100000000000003,0.124,1.8,8.9,5.4,21.1,1.5,0.9,11.9,20.6,,0.6,1.0,1.6,0.068,,-0.3,-1.3,-1.7,0.1
261,214,Jrue Holiday\holidjr01,SG,29,NOP,46,1594,17.0,0.521,0.335,0.172,3.7,10.6,7.1,28.9,2.2,2.1,13.6,25.4,,1.2,1.4,2.6,0.077,,1.0,0.1,1.2,1.3
262,215,Justin Holiday\holidju01,SG,30,IND,55,1395,12.5,0.591,0.6629999999999999,0.14400000000000002,2.3,12.4,7.4,7.6,2.0,2.2,7.0,13.1,,1.6,1.8,3.4,0.11699999999999999,,1.0,1.3,2.3,1.5
263,216,Rondae Hollis-Jefferson\holliro01,SF,25,TOR,43,841,16.0,0.537,0.063,0.445,10.9,15.5,13.2,12.9,2.3,2.0,11.9,17.6,,1.3,1.5,2.8,0.157,,-1.0,2.4,1.4,0.7
264,217,Richaun Holmes\holmeri01,C,26,SAC,37,1087,20.9,0.6920000000000001,0.0,0.301,11.3,21.6,16.3,5.3,1.8,4.6,11.6,15.9,,3.2,1.4,4.6,0.203,,1.1,2.4,3.5,1.5
265,218,Rodney Hood\hoodro01,SF,27,POR,21,619,12.2,0.625,0.413,0.157,1.7,10.2,6.0,7.1,1.3,0.5,9.4,13.9,,0.9,0.2,1.1,0.08800000000000001,,0.6,-1.1,-0.5,0.2
266,219,Al Horford\horfoal01,C,33,PHI,50,1543,15.2,0.519,0.397,0.10099999999999999,5.5,18.2,11.9,18.2,1.4,2.5,8.2,17.6,,1.8,2.3,4.1,0.128,,0.3,1.9,2.3,1.7
267,220,Talen Horton-Tucker\hortota01,SG,19,LAL,2,5,14.9,0.0,1.0,0.0,0.0,0.0,0.0,44.7,9.5,0.0,0.0,8.5,,0.0,0.0,0.0,0.11,,-5.6,-3.8,-9.4,0.0
268,221,Danuel House\houseda01,SF,26,HOU,48,1487,11.5,0.57,0.6509999999999999,0.184,3.6,11.6,7.6,5.6,1.7,1.6,8.6,13.5,,1.6,1.4,3.0,0.096,,-0.2,0.3,0.0,0.8
269,222,Dwight Howard\howardw01,C,34,LAL,53,1049,19.1,0.695,0.022000000000000002,0.6809999999999999,15.2,27.8,21.7,4.5,1.0,5.8,17.9,14.6,,2.3,2.0,4.3,0.198,,-0.2,2.7,2.4,1.2
270,223,William Howard\howarwi01,SG,26,HOU,2,13,-12.7,0.0,1.0,0.0,0.0,16.2,8.0,9.0,0.0,0.0,20.0,15.8,,-0.1,0.0,-0.1,-0.353,,-14.7,-2.9,-17.6,-0.1
271,224,Kevin Huerter\huertke01,SG,21,ATL,45,1364,11.6,0.545,0.547,0.11900000000000001,2.1,12.5,7.3,16.3,1.3,1.3,12.8,17.7,,0.7,0.5,1.1,0.04,,-0.4,-1.2,-1.6,0.1
272,225,De'Andre Hunter\huntede01,SF,22,ATL,53,1674,8.5,0.516,0.43799999999999994,0.201,1.9,11.8,6.8,8.3,1.1,0.7,11.9,17.7,,-0.5,0.4,-0.1,-0.003,,-2.6,-1.8,-4.4,-1.0
273,226,Chandler Hutchison\hutchch01,SF,23,CHI,28,527,12.4,0.521,0.217,0.446,3.6,19.5,11.2,7.5,2.5,1.2,11.4,19.1,,0.0,0.7,0.7,0.062,,-4.0,0.4,-3.6,-0.2
274,227,Serge Ibaka\ibakase01,C,30,TOR,44,1197,18.6,0.597,0.248,0.195,8.1,22.6,15.5,8.3,1.0,3.0,12.5,24.3,,1.4,2.1,3.5,0.141,,-0.6,0.6,0.0,0.6
275,228,Andre Iguodala\iguodan01,SG,36,MIA,3,63,11.2,0.722,0.778,0.0,9.3,18.6,14.2,15.2,0.8,1.6,30.8,9.1,,0.1,0.1,0.2,0.122,,0.1,0.7,0.7,0.0
276,229,Ersan İlyasova\ilyaser01,PF,32,MIL,50,810,16.2,0.591,0.418,0.259,7.3,22.3,15.3,7.4,1.1,1.5,8.5,17.4,,1.5,1.6,3.2,0.188,,-0.3,0.5,0.2,0.5
277,230,Joe Ingles\inglejo01,SF,32,UTA,54,1628,12.6,0.58,0.626,0.163,1.3,12.7,7.3,23.8,1.5,0.4,17.9,15.3,,2.0,1.8,3.9,0.114,,1.1,0.7,1.8,1.6
278,231,Brandon Ingram\ingrabr01,PF,22,NOP,47,1601,20.6,0.6,0.348,0.341,2.7,17.2,9.9,20.0,1.3,1.8,12.6,28.6,,3.4,1.3,4.6,0.138,,2.8,-0.6,2.2,1.7
279,232,Kyrie Irving\irvinky01,PG,27,BRK,20,658,26.3,0.595,0.341,0.245,3.5,12.3,8.0,37.2,1.9,1.2,10.1,32.6,,2.2,0.8,3.0,0.218,,7.3,0.1,7.4,1.6
280,233,Jonathan Isaac\isaacjo01,SF,22,ORL,32,949,17.1,0.542,0.28300000000000003,0.22699999999999998,6.1,19.2,12.4,7.3,2.6,7.4,11.7,18.4,,0.4,2.0,2.4,0.11900000000000001,,-2.1,5.0,2.9,1.2
281,234,Wesley Iwundu\iwundwe01,SF,25,ORL,41,749,9.7,0.507,0.348,0.371,3.0,12.4,7.5,8.3,1.6,1.2,7.6,13.0,,0.4,0.8,1.2,0.079,,-3.1,0.4,-2.7,-0.1
282,235,Frank Jackson\jacksfr01,PG,21,NOP,44,581,8.6,0.52,0.46399999999999997,0.254,2.7,7.5,5.1,8.9,1.2,0.6,13.5,20.3,,-0.2,0.2,0.1,0.004,,-2.9,-3.0,-5.8,-0.6
283,236,Jaren Jackson\jacksja02,C,20,MEM,52,1463,16.4,0.59,0.48100000000000004,0.23,3.8,13.9,9.0,7.4,1.1,5.1,10.6,24.1,,1.4,1.5,3.0,0.09699999999999999,,0.7,0.2,0.9,1.1
284,237,Josh Jackson\jacksjo02,SG,22,MEM,7,123,7.0,0.449,0.439,0.317,4.4,18.6,11.6,6.3,2.3,0.7,17.6,19.2,,-0.2,0.1,-0.1,-0.038,,-5.7,-0.5,-6.2,-0.1
285,238,Justin Jackson\jacksju01,PF,24,DAL,49,788,9.4,0.493,0.485,0.124,3.0,12.4,7.8,5.8,0.6,0.6,3.7,16.3,,0.4,0.4,0.8,0.05,,-2.0,-2.4,-4.4,-0.5
286,239,Reggie Jackson\jacksre01,PG,29,DET,14,381,14.8,0.49200000000000005,0.414,0.16699999999999998,3.2,8.9,6.1,30.5,1.0,0.2,9.8,26.9,,0.3,0.1,0.4,0.053,,1.0,-3.3,-2.4,0.0
287,240,Justin James\jamesju01,SG,23,SAC,31,216,11.7,0.48700000000000004,0.33299999999999996,0.26899999999999996,3.0,13.0,7.8,11.0,1.4,4.0,8.4,19.2,,0.0,0.2,0.2,0.037000000000000005,,-3.7,-0.2,-3.9,-0.1
288,241,LeBron James\jamesle01,PG,35,LAL,51,1779,25.2,0.569,0.317,0.276,3.2,20.9,12.3,49.9,1.8,1.1,15.5,31.5,,4.8,2.7,7.5,0.203,,6.1,2.1,8.2,4.6
289,242,Amile Jefferson\jeffeam01,PF,26,ORL,18,74,9.0,0.37200000000000005,0.0,1.0,13.8,19.5,16.5,7.4,0.7,3.7,13.0,13.6,,-0.1,0.1,0.0,0.027000000000000003,,-6.5,1.2,-5.3,-0.1
290,243,DaQuan Jeffries\jeffrda01,SG,22,SAC,6,19,10.8,0.5,0.5710000000000001,0.0,5.7,0.0,3.0,7.9,2.6,0.0,0.0,16.1,,0.0,0.0,0.0,0.081,,0.2,-3.0,-2.8,0.0
291,244,Ty Jerome\jeromty01,PG,22,PHO,21,247,10.7,0.465,0.41200000000000003,0.141,2.6,13.2,7.8,20.9,2.7,1.1,13.4,17.9,,-0.1,0.3,0.2,0.038,,-2.8,0.1,-2.7,0.0
292,245,Alize Johnson\johnsal02,SF,23,IND,11,46,14.5,0.541,0.0,0.429,14.5,21.5,18.1,6.0,0.0,0.0,5.7,16.9,,0.1,0.0,0.1,0.142,,-1.9,-2.9,-4.8,0.0
293,246,B.J. Johnson\johnsbj01,SF,24,ORL,8,46,2.6,0.344,0.33299999999999996,0.111,2.2,12.0,6.9,6.3,2.1,0.0,13.7,20.7,,-0.2,0.1,-0.1,-0.129,,-9.6,-1.9,-11.5,-0.1
294,247,Cameron Johnson\johnsca02,PF,23,PHO,42,832,11.9,0.565,0.693,0.14800000000000002,4.7,11.6,8.1,7.6,1.4,1.4,8.3,16.0,,0.8,0.6,1.4,0.08199999999999999,,0.4,-0.9,-0.5,0.3
295,248,James Johnson\johnsja01,PF,32,TOT,21,361,11.9,0.552,0.505,0.183,3.7,16.3,10.2,13.8,1.6,4.5,16.9,17.1,,0.0,0.5,0.5,0.07,,-2.3,1.6,-0.7,0.1
296,248,James Johnson\johnsja01,PF,32,MIA,18,281,11.3,0.547,0.517,0.161,3.3,16.7,10.3,11.1,1.0,4.6,13.9,17.0,,0.0,0.4,0.4,0.07,,-2.4,1.1,-1.2,0.1
297,248,James Johnson\johnsja01,PF,32,MIN,3,80,14.1,0.568,0.455,0.273,5.1,14.9,9.8,23.3,3.5,4.1,26.8,17.3,,0.0,0.1,0.1,0.07,,-1.9,3.1,1.2,0.1
298,249,Keldon Johnson\johnske04,SF,20,SAS,4,12,6.1,0.4,0.0,0.0,0.0,26.7,13.4,0.0,0.0,0.0,0.0,18.1,,0.0,0.0,0.0,-0.07200000000000001,,-11.1,-7.4,-18.5,0.0
299,250,Stanley Johnson\johnsst04,PF,23,TOR,17,84,2.5,0.353,0.429,0.14300000000000002,3.8,18.4,11.3,9.5,1.7,2.3,21.2,19.3,,-0.3,0.1,-0.2,-0.09,,-9.2,0.9,-8.3,-0.1
300,251,Tyler Johnson\johnsty01,SG,27,PHO,31,515,8.1,0.48100000000000004,0.485,0.187,2.1,9.2,5.6,13.5,1.1,1.3,11.5,17.3,,-0.2,0.3,0.1,0.013000000000000001,,-3.1,-1.5,-4.6,-0.3
301,252,Nikola Jokić\jokicni01,C,24,DEN,55,1789,25.3,0.597,0.244,0.272,8.2,26.5,17.3,34.7,1.8,1.9,14.8,27.0,,5.2,2.8,8.0,0.21600000000000003,,5.4,3.1,8.4,4.7
302,253,Damian Jones\jonesda03,C,24,ATL,51,850,15.9,0.718,0.047,0.488,8.9,15.8,12.3,5.5,1.4,3.7,11.8,11.6,,2.2,0.6,2.7,0.155,,-0.2,0.8,0.6,0.5
303,254,Derrick Jones\jonesde02,SF,22,MIA,40,988,13.7,0.598,0.39399999999999996,0.382,4.8,13.7,9.4,5.3,2.0,2.8,7.9,14.1,,1.5,1.3,2.8,0.135,,-0.3,1.3,1.0,0.7
304,255,Tyus Jones\jonesty01,PG,23,MEM,54,1018,15.4,0.536,0.264,0.10800000000000001,0.7,8.0,4.4,32.2,2.1,0.5,11.9,16.2,,1.6,0.7,2.3,0.11,,-0.5,-2.2,-2.7,-0.2
305,256,DeAndre Jordan\jordade01,C,31,BRK,45,958,20.5,0.688,0.0,0.41100000000000003,11.8,35.4,23.9,13.7,0.8,3.9,19.2,14.3,,2.3,1.9,4.2,0.209,,-0.7,4.0,3.3,1.3
306,257,Cory Joseph\josepco01,PG,28,SAC,54,1338,9.6,0.498,0.36,0.14800000000000002,2.6,9.7,6.0,19.0,1.4,1.3,14.6,13.2,,0.7,0.8,1.5,0.052000000000000005,,-2.1,-0.2,-2.4,-0.1
307,258,Mfiondu Kabengele\kabenmf01,C,22,LAC,12,64,18.2,0.614,0.625,0.156,1.6,15.7,8.8,4.8,1.5,2.7,5.5,23.4,,0.1,0.1,0.2,0.174,,1.4,-2.0,-0.7,0.0
308,259,Frank Kaminsky\kaminfr01,C,26,PHO,32,718,14.6,0.5539999999999999,0.401,0.315,4.5,20.1,12.1,14.8,0.9,1.2,9.4,20.8,,0.8,0.6,1.4,0.095,,-0.2,-0.7,-0.9,0.2
309,260,Enes Kanter\kanteen01,C,27,BOS,42,783,22.9,0.611,0.025,0.28600000000000003,16.9,30.4,23.7,8.5,1.0,4.1,12.5,19.7,,2.1,1.5,3.6,0.222,,0.4,1.8,2.2,0.8
310,261,Luke Kennard\kennalu01,SG,23,DET,28,922,14.4,0.589,0.535,0.21899999999999997,1.1,11.0,6.0,19.0,0.6,0.5,10.3,19.7,,1.7,0.3,2.0,0.10400000000000001,,1.7,-2.4,-0.6,0.3
311,262,Stanton Kidd\kiddst01,SF,27,UTA,4,15,-13.7,0.0,0.33299999999999996,0.0,0.0,20.8,10.9,7.9,0.0,0.0,40.0,14.6,,-0.1,0.0,-0.1,-0.321,,-16.3,0.5,-15.8,-0.1
312,263,Michael Kidd-Gilchrist\kiddgmi01,PF,26,CHO,12,160,6.1,0.42100000000000004,0.321,0.17,5.9,18.4,11.9,9.5,0.0,1.7,10.9,17.5,,-0.2,0.1,-0.1,-0.03,,-6.0,-2.0,-8.0,-0.2
313,264,Louis King\kinglo02,SF,20,DET,10,62,6.3,0.44799999999999995,0.524,0.14300000000000002,1.8,16.5,9.1,11.7,1.6,0.0,8.2,17.0,,0.0,0.0,0.0,-0.002,,-3.8,-1.9,-5.8,-0.1
314,265,Maxi Kleber\klebima01,C,28,DAL,54,1347,14.0,0.608,0.619,0.185,6.8,15.1,11.0,5.6,0.5,3.7,8.7,13.8,,2.6,1.1,3.7,0.131,,1.2,0.5,1.6,1.2
315,266,Brandon Knight\knighbr03,PG,28,TOT,17,254,4.6,0.428,0.7559999999999999,0.14400000000000002,1.3,7.5,4.3,17.1,1.1,0.7,17.3,19.4,,-0.5,0.0,-0.4,-0.084,,-3.8,-3.6,-7.4,-0.3
316,266,Brandon Knight\knighbr03,PG,28,CLE,16,241,5.5,0.431,0.7440000000000001,0.151,1.4,7.9,4.6,18.0,1.0,0.7,14.9,19.0,,-0.3,0.0,-0.3,-0.064,,-3.1,-3.7,-6.8,-0.3
317,266,Brandon Knight\knighbr03,PG,28,DET,1,13,-12.8,0.375,1.0,0.0,0.0,0.0,0.0,0.0,3.8,0.0,50.0,26.7,,-0.1,0.0,-0.1,-0.462,,-15.7,-1.8,-17.5,-0.1
318,267,Kevin Knox\knoxke01,SF,20,NYK,54,988,9.0,0.48,0.512,0.251,2.1,15.1,8.3,7.5,1.0,2.0,8.4,17.8,,-0.2,0.6,0.4,0.017,,-3.0,-1.3,-4.3,-0.6
319,268,John Konchar\konchjo01,SG,23,MEM,6,34,8.5,0.643,0.4,0.2,0.0,6.1,3.1,10.9,0.0,0.0,0.0,6.7,,0.1,0.0,0.1,0.08800000000000001,,-2.0,-3.0,-5.0,0.0
320,269,Furkan Korkmaz\korkmfu01,SG,22,PHI,54,1151,11.8,0.5720000000000001,0.626,0.121,1.4,10.1,5.8,6.6,1.2,1.0,8.0,18.4,,0.8,1.2,2.1,0.087,,-0.3,-1.7,-1.9,0.0
321,270,Luke Kornet\kornelu01,C,24,CHI,35,544,12.8,0.5379999999999999,0.574,0.153,4.2,13.0,8.4,8.6,0.9,4.5,6.2,16.4,,0.5,0.6,1.1,0.094,,-1.3,0.4,-0.9,0.1
322,271,Kyle Korver\korveky01,SF,38,MIL,47,782,10.6,0.6,0.797,0.131,1.6,10.0,6.1,9.0,1.2,1.2,13.5,15.2,,0.6,1.3,1.9,0.114,,-0.2,-0.1,-0.3,0.3
323,272,Rodions Kurucs\kurucro01,PF,21,BRK,32,424,9.8,0.609,0.466,0.19,4.0,14.4,9.3,9.9,1.4,0.4,20.3,15.5,,0.1,0.5,0.6,0.068,,-2.4,-0.1,-2.6,-0.1
324,273,Kyle Kuzma\kuzmaky01,PF,24,LAL,44,1086,12.1,0.537,0.413,0.233,4.3,15.0,9.8,7.6,0.7,1.5,12.1,22.8,,0.2,1.2,1.4,0.06,,-2.0,-1.5,-3.5,-0.4
325,274,Skal Labissière\labissk01,C,23,POR,33,567,15.4,0.588,0.08800000000000001,0.22399999999999998,11.9,18.6,15.3,10.3,0.6,4.6,15.7,14.3,,1.0,0.4,1.4,0.122,,-0.6,1.6,1.1,0.4
326,275,Jeremy Lamb\lambje01,SG,27,IND,44,1261,14.3,0.556,0.331,0.217,2.0,15.0,8.6,10.4,2.0,1.5,8.8,19.5,,1.0,1.6,2.6,0.10099999999999999,,-0.4,0.6,0.3,0.7
327,276,Romeo Langford\langfro01,SG,20,BOS,18,184,9.7,0.586,0.385,0.41,3.5,7.0,5.3,2.2,1.3,3.0,9.8,11.8,,0.2,0.2,0.4,0.1,,-2.1,0.2,-1.9,0.0
328,277,Zach LaVine\lavinza01,SG,24,CHI,55,1898,19.9,0.573,0.405,0.29100000000000004,2.1,13.7,7.7,21.6,2.0,1.2,13.0,31.4,,2.1,2.0,4.2,0.105,,2.6,-0.8,1.8,1.8
329,278,Vic Law\lawvi01,SF,24,ORL,3,4,-30.4,0.0,0.5,1.0,0.0,0.0,0.0,0.0,0.0,0.0,0.0,31.3,,-0.1,0.0,-0.1,-0.807,,-25.1,-9.5,-34.6,0.0
330,279,Jake Layman\laymaja01,PF,25,MIN,14,369,10.0,0.539,0.409,0.076,3.3,8.5,5.8,4.5,1.5,2.2,11.7,17.3,,-0.1,0.2,0.2,0.023,,-2.6,-0.7,-3.4,-0.1
331,280,T.J. Leaf\leaftj01,PF,22,IND,22,180,13.7,0.47600000000000003,0.212,0.152,12.4,24.4,18.5,4.6,1.9,1.5,7.9,18.7,,0.0,0.3,0.3,0.085,,-3.3,-0.8,-4.1,-0.1
332,281,Jalen Lecque\lecquja01,PG,19,PHO,4,26,5.0,0.46,0.4,0.2,0.0,0.0,0.0,11.1,0.0,0.0,8.4,19.4,,0.0,0.0,0.0,-0.04,,-6.1,-7.6,-13.7,-0.1
333,282,Courtney Lee\leeco01,SG,34,DAL,14,142,14.0,0.731,0.615,0.0,1.5,5.1,3.3,5.0,1.4,1.8,7.1,12.7,,0.3,0.1,0.4,0.136,,1.9,-1.5,0.4,0.1
334,283,Damion Lee\leeda03,SG,27,GSW,39,1090,12.4,0.542,0.42100000000000004,0.264,2.8,16.4,9.4,13.6,1.7,0.2,10.7,18.9,,0.6,0.6,1.3,0.055999999999999994,,-1.1,-1.2,-2.3,-0.1
335,284,Alex Len\lenal01,C,26,ATL,40,745,17.6,0.59,0.215,0.312,9.9,23.5,16.6,8.8,1.2,3.7,11.7,18.7,,1.1,0.6,1.8,0.115,,-1.0,0.2,-0.8,0.2
336,285,Kawhi Leonard\leonaka01,SF,28,LAC,42,1364,26.4,0.579,0.27699999999999997,0.33299999999999996,3.3,20.0,11.9,28.4,2.6,1.9,11.5,33.8,,3.4,2.5,5.9,0.20800000000000002,,4.7,2.4,7.1,3.1
337,286,Meyers Leonard\leoname01,C,27,MIA,49,987,11.2,0.64,0.534,0.11699999999999999,3.2,23.9,14.0,7.7,0.6,1.5,13.0,12.0,,1.1,1.1,2.2,0.10800000000000001,,-1.3,0.3,-1.0,0.2
338,287,Caris LeVert\leverca01,SG,25,BRK,28,763,12.2,0.491,0.27899999999999997,0.253,3.5,10.0,6.8,21.2,1.6,0.5,14.6,27.9,,-0.7,0.8,0.1,0.006999999999999999,,-2.7,-1.1,-3.8,-0.3
339,288,Damian Lillard\lillada01,PG,29,POR,54,1996,26.8,0.621,0.489,0.376,1.5,10.5,6.0,35.2,1.2,0.8,11.0,30.6,,8.7,0.6,9.3,0.223,,9.1,-2.5,6.6,4.3
340,289,Nassir Little\littlna01,PF,19,POR,39,496,9.9,0.513,0.39799999999999996,0.305,6.1,14.3,10.2,4.8,1.0,2.4,9.4,13.7,,0.3,0.3,0.6,0.053,,-2.2,-0.7,-3.0,-0.1
341,290,Kevon Looney\looneke01,C,23,GSW,15,176,8.9,0.391,0.13699999999999998,0.17600000000000002,12.9,15.2,14.0,9.1,1.9,2.0,11.3,15.0,,-0.1,0.1,0.0,0.008,,-4.7,0.2,-4.5,-0.1
342,291,Brook Lopez\lopezbr01,C,31,MIL,52,1391,14.0,0.537,0.508,0.183,2.4,13.3,8.2,8.0,1.2,8.4,9.0,16.7,,0.7,3.3,4.0,0.138,,-1.8,4.9,3.1,1.8
343,292,Robin Lopez\lopezro01,C,31,MIL,50,684,11.5,0.551,0.32899999999999996,0.19899999999999998,6.9,11.2,9.2,6.4,0.5,4.3,14.9,16.6,,0.2,1.2,1.4,0.095,,-3.0,1.3,-1.6,0.1
344,293,Kevin Love\loveke01,PF,31,CLE,46,1439,18.3,0.602,0.522,0.28300000000000003,3.0,31.7,17.2,15.0,0.9,0.9,14.5,23.4,,2.1,0.9,3.0,0.1,,1.3,-0.7,0.6,1.0
345,294,Kyle Lowry\lowryky01,PG,33,TOR,43,1569,17.8,0.5870000000000001,0.564,0.395,1.8,11.7,6.8,30.6,1.6,1.1,14.8,23.0,,3.4,2.1,5.6,0.17,,3.3,-0.1,3.2,2.1
346,295,Timothé Luwawu-Cabarrot\luwawti01,SG,24,BRK,28,423,8.5,0.5670000000000001,0.545,0.33899999999999997,3.0,11.1,7.2,4.6,1.5,0.6,14.0,14.8,,0.1,0.5,0.6,0.066,,-2.7,-0.6,-3.3,-0.1
347,296,Trey Lyles\lylestr01,PF,24,SAS,54,993,12.0,0.535,0.49200000000000005,0.124,6.8,25.9,16.4,7.3,0.9,1.9,10.5,13.3,,0.7,0.8,1.5,0.073,,-1.4,-0.2,-1.6,0.1
348,297,Daryl Macon\maconda01,SG,24,MIA,4,14,-3.0,0.5,0.667,0.0,0.0,0.0,0.0,9.6,0.0,0.0,40.0,15.8,,0.0,0.0,0.0,-0.158,,-9.5,-5.9,-15.4,0.0
349,298,J.P. Macura\macurjp01,SG,24,CLE,1,1,0.0,,,,0.0,0.0,0.0,0.0,0.0,0.0,,0.0,,0.0,0.0,0.0,-0.026000000000000002,,-6.2,-0.8,-7.0,0.0
350,299,Josh Magette\magetjo01,PG,30,ORL,8,38,5.2,0.37799999999999995,0.267,0.133,2.7,14.6,8.4,19.8,3.9,2.4,23.9,23.9,,-0.2,0.1,-0.1,-0.122,,-9.1,2.0,-7.1,0.0
351,300,Ian Mahinmi\mahinia01,C,33,WAS,33,725,14.5,0.5539999999999999,0.126,0.529,10.3,19.9,14.9,8.1,1.5,5.1,15.4,15.9,,0.7,0.6,1.2,0.08199999999999999,,-1.8,1.6,-0.2,0.3
352,301,Thon Maker\makerth01,C,22,DET,52,662,14.0,0.611,0.331,0.662,8.1,15.4,11.7,7.1,1.5,4.0,17.1,15.7,,0.8,0.7,1.5,0.106,,-1.4,1.0,-0.4,0.3
353,302,Terance Mann\mannte01,SG,23,LAC,34,270,7.1,0.47200000000000003,0.222,0.222,1.6,10.8,6.3,18.0,1.4,1.6,19.1,11.2,,0.0,0.3,0.3,0.055,,-4.2,0.7,-3.5,-0.1
354,303,Boban Marjanović\marjabo01,C,31,DAL,28,255,22.1,0.59,0.07400000000000001,0.306,15.1,31.2,23.2,7.2,0.8,1.7,12.7,26.4,,0.5,0.3,0.9,0.161,,-1.6,-2.3,-4.0,-0.1
355,304,Lauri Markkanen\markkla01,PF,22,CHI,46,1395,14.4,0.56,0.535,0.271,4.3,19.7,11.7,7.8,1.3,1.5,11.1,21.2,,1.0,1.5,2.5,0.087,,-0.6,-0.6,-1.3,0.3
356,305,Caleb Martin\martica02,SF,24,CHO,8,99,3.5,0.392,0.32,0.28,2.1,12.6,7.1,7.3,1.5,1.9,12.5,14.2,,-0.2,0.1,-0.1,-0.047,,-7.1,-0.6,-7.7,-0.1
357,306,Cody Martin\martico01,SF,24,CHO,37,591,10.9,0.516,0.38299999999999995,0.319,5.0,14.6,9.6,12.6,2.3,0.9,13.5,13.8,,0.3,0.5,0.7,0.061,,-2.4,0.3,-2.1,0.0
358,307,Jeremiah Martin\martije02,PG,23,BRK,2,11,4.8,0.25,0.0,0.0,0.0,9.1,4.7,12.4,4.3,0.0,0.0,15.2,,0.0,0.0,0.0,-0.055,,-9.2,1.2,-8.0,0.0
359,308,Kelan Martin\martike03,SF,24,MIN,22,370,7.3,0.47700000000000004,0.519,0.092,1.9,19.0,10.2,3.9,0.8,1.6,8.1,16.5,,-0.2,0.3,0.0,0.005,,-4.8,-1.8,-6.5,-0.4
360,309,Frank Mason\masonfr01,PG,25,MIL,4,18,6.0,0.285,0.5710000000000001,0.5710000000000001,5.8,5.1,5.5,32.4,2.5,0.0,10.2,22.3,,0.0,0.0,0.0,-0.023,,-4.7,-1.9,-6.6,0.0
361,310,Garrison Mathews\mathega01,SG,23,WAS,16,202,14.1,0.726,0.84,0.64,3.1,9.4,6.2,6.4,0.7,0.4,9.8,14.6,,0.6,0.0,0.6,0.14400000000000002,,3.0,-4.1,-1.1,0.0
362,311,Wesley Matthews\matthwe02,SG,33,MIL,51,1253,8.3,0.5579999999999999,0.691,0.166,0.9,8.5,4.9,7.0,1.1,0.6,9.5,12.5,,0.7,1.9,2.5,0.09699999999999999,,-1.1,0.3,-0.8,0.4
363,312,Patrick McCaw\mccawpa01,SF,24,TOR,31,747,8.4,0.531,0.423,0.11699999999999999,2.3,7.0,4.7,12.3,2.1,0.5,14.8,9.7,,0.4,0.9,1.3,0.085,,-1.9,1.2,-0.7,0.2
364,313,CJ McCollum\mccolcj01,SG,28,POR,52,1856,16.0,0.534,0.371,0.11800000000000001,1.8,9.3,5.6,16.7,1.0,1.5,8.1,25.7,,1.9,0.5,2.4,0.062,,1.2,-2.2,-1.0,0.5
365,314,T.J. McConnell\mccontj01,PG,27,IND,53,1016,17.1,0.5489999999999999,0.040999999999999995,0.111,3.0,12.5,7.7,38.3,1.9,1.0,18.3,17.5,,1.6,1.1,2.7,0.129,,-0.6,-0.4,-0.9,0.3
366,315,Jalen McDaniels\mcdanja01,PF,22,CHO,5,65,18.4,0.779,0.43799999999999994,0.188,3.2,17.4,10.0,2.5,2.3,0.0,0.0,11.7,,0.2,0.1,0.3,0.19899999999999998,,1.4,-2.0,-0.6,0.0
367,316,Doug McDermott\mcderdo01,PF,28,IND,55,1134,13.9,0.618,0.542,0.102,2.2,11.6,6.9,7.7,0.3,0.3,6.7,19.3,,1.9,0.7,2.6,0.109,,1.7,-2.9,-1.2,0.2
368,317,JaVale McGee\mcgeeja01,C,32,LAL,51,858,21.1,0.6579999999999999,0.024,0.271,12.7,24.7,18.9,5.4,1.4,8.3,12.4,15.6,,2.1,1.9,3.9,0.21899999999999997,,-0.3,4.3,4.0,1.3
369,318,Rodney McGruder\mcgruro01,SG,28,LAC,43,707,6.3,0.46,0.507,0.17800000000000002,3.7,13.8,8.9,5.2,1.5,1.0,10.8,10.3,,-0.1,0.9,0.7,0.049,,-3.1,1.2,-1.9,0.0
370,319,Alfonzo McKinnie\mckinal01,SF,27,CLE,37,531,8.2,0.479,0.38799999999999996,0.191,6.4,14.9,10.6,3.4,1.9,1.0,12.2,15.1,,-0.2,0.3,0.0,0.003,,-3.7,-1.4,-5.1,-0.4
371,320,Jordan McLaughlin\mclaujo01,PG,23,MIN,19,362,14.8,0.545,0.455,0.136,0.8,8.7,4.6,29.5,2.5,0.5,10.7,14.9,,0.6,0.3,0.9,0.11599999999999999,,-0.1,-1.9,-2.0,0.0
372,321,Ben McLemore\mclembe01,SG,26,HOU,54,1276,11.5,0.609,0.8290000000000001,0.136,1.4,8.3,4.8,5.4,1.2,0.8,8.5,15.9,,1.7,0.8,2.5,0.09300000000000001,,0.7,-2.2,-1.4,0.2
373,322,Jordan McRae\mcraejo01,SG,28,TOT,31,679,15.5,0.526,0.342,0.27,2.8,15.0,8.7,18.5,1.4,2.0,9.5,24.4,,0.6,0.2,0.8,0.057999999999999996,,-0.3,-1.9,-2.2,0.0
374,322,Jordan McRae\mcraejo01,SG,28,WAS,29,654,15.3,0.523,0.33399999999999996,0.262,2.7,14.9,8.6,18.5,1.4,2.0,9.7,24.8,,0.5,0.2,0.7,0.05,,-0.5,-2.0,-2.4,-0.1
375,322,Jordan McRae\mcraejo01,SG,28,DEN,2,25,21.0,0.6659999999999999,0.8,0.8,4.4,17.7,11.0,20.6,2.0,3.6,0.0,11.7,,0.1,0.0,0.1,0.28300000000000003,,3.9,1.4,5.3,0.0
376,323,Nicolò Melli\mellini01,C,29,NOP,43,681,12.0,0.5920000000000001,0.639,0.19,3.7,15.0,9.3,9.4,1.6,1.7,12.6,15.3,,0.7,0.6,1.3,0.09,,-0.1,-0.4,-0.5,0.2
377,324,De'Anthony Melton\meltode01,PG,21,MEM,41,755,15.7,0.534,0.28600000000000003,0.309,3.8,16.8,10.4,21.9,3.3,1.5,16.4,20.2,,0.4,1.1,1.5,0.09300000000000001,,-1.0,1.8,0.9,0.5
378,325,Chimezie Metu\metuch01,PF,22,SAS,15,64,25.9,0.584,0.0,0.276,15.2,23.4,19.3,12.6,0.8,5.5,8.4,24.1,,0.2,0.1,0.2,0.18600000000000003,,0.7,0.2,0.9,0.0
379,326,Khris Middleton\middlkh01,SF,28,MIL,47,1389,21.9,0.624,0.37200000000000005,0.23399999999999999,2.7,16.8,10.2,22.0,1.5,0.4,11.0,25.6,,3.9,2.6,6.5,0.223,,3.7,0.4,4.2,2.2
380,327,Eric Mika\mikaer01,PF,25,SAC,1,19,14.1,0.773,0.0,0.667,11.5,30.7,20.8,0.0,0.0,0.0,0.0,8.9,,0.1,0.0,0.1,0.222,,-2.5,-6.1,-8.6,0.0
381,328,C.J. Miles\milescj01,SG,32,WAS,10,161,11.1,0.47200000000000003,0.593,0.33899999999999997,2.6,5.6,4.0,9.8,2.9,2.1,5.6,18.5,,0.0,0.1,0.1,0.033,,-1.1,-1.9,-2.9,0.0
382,329,Malcolm Miller\millema01,SF,26,TOR,22,117,4.8,0.423,0.762,0.28600000000000003,0.9,11.5,6.3,8.7,1.6,1.7,11.3,9.8,,-0.1,0.2,0.1,0.036000000000000004,,-4.4,0.9,-3.5,0.0
383,330,Patty Mills\millspa02,PG,31,SAS,54,1245,14.8,0.5920000000000001,0.67,0.17300000000000001,1.6,5.8,3.7,11.9,1.7,0.4,7.9,20.2,,1.9,0.4,2.3,0.08800000000000001,,3.0,-3.3,-0.4,0.5
384,331,Paul Millsap\millspa01,PF,34,DEN,35,855,18.4,0.594,0.272,0.353,9.0,17.9,13.4,9.5,1.8,2.4,10.5,20.2,,1.9,1.2,3.0,0.17,,1.0,0.7,1.7,0.8
385,332,Shake Milton\miltosh01,SG,23,PHI,22,328,10.2,0.551,0.509,0.268,2.0,13.0,7.5,14.4,1.3,0.3,15.5,19.5,,0.1,0.4,0.4,0.065,,-2.0,-1.5,-3.6,-0.1
386,333,Donovan Mitchell\mitchdo01,SG,23,UTA,53,1825,19.3,0.561,0.34,0.228,2.3,11.0,6.8,21.5,1.6,0.5,11.1,30.9,,2.7,2.0,4.7,0.12300000000000001,,2.1,-0.7,1.4,1.6
387,334,Naz Mitrou-Long\mitrona01,SG,26,IND,3,43,10.1,0.43799999999999994,0.688,0.0,0.0,15.4,7.7,22.2,1.1,2.0,11.1,18.5,,0.0,0.0,0.0,0.013000000000000001,,-2.7,-1.0,-3.7,0.0
388,335,Adam Mokoka\mokokad01,SG,21,CHI,6,22,18.7,0.47200000000000003,0.467,0.133,19.1,0.0,9.9,0.0,2.2,0.0,0.0,30.8,,0.0,0.0,0.0,0.044000000000000004,,0.4,-9.4,-9.0,0.0
389,336,Malik Monk\monkma01,SG,21,CHO,52,1086,12.6,0.532,0.41600000000000004,0.195,2.3,12.7,7.3,16.5,1.1,1.4,12.9,22.5,,0.1,0.5,0.6,0.027000000000000003,,-1.7,-2.0,-3.7,-0.5
390,337,Matt Mooney\moonema01,SG,22,CLE,2,5,21.7,0.5,0.5,0.0,0.0,22.3,11.0,31.7,0.0,17.1,0.0,17.0,,0.0,0.0,0.0,0.182,,-0.4,6.3,5.9,0.0
391,338,E'Twaun Moore\mooreet01,SG,30,NOP,42,841,11.8,0.511,0.39299999999999996,0.10400000000000001,3.4,10.4,6.8,11.1,1.3,0.8,7.3,20.6,,0.3,0.4,0.7,0.043,,-1.3,-2.2,-3.5,-0.3
392,339,Ja Morant\moranja01,PG,20,MEM,48,1435,18.4,0.568,0.163,0.326,2.4,10.0,6.3,35.3,1.6,0.8,17.1,26.1,,1.9,1.0,2.8,0.095,,0.9,-1.3,-0.4,0.6
393,340,Juwan Morgan\morgaju01,PF,22,UTA,13,53,9.4,0.5770000000000001,0.308,0.0,10.8,17.7,14.4,2.7,0.0,1.6,18.8,13.2,,0.0,0.1,0.1,0.069,,-3.1,-1.1,-4.3,0.0
394,341,Marcus Morris\morrima03,SF-PF,30,TOT,46,1486,16.1,0.579,0.419,0.29600000000000004,3.4,14.7,8.9,6.9,1.2,1.3,9.3,23.7,,2.2,0.9,3.1,0.10099999999999999,,1.0,-2.0,-0.9,0.4
395,341,Marcus Morris\morrima03,SF,30,NYK,43,1387,16.6,0.5820000000000001,0.415,0.311,3.5,14.7,8.9,6.9,1.2,1.2,9.2,24.3,,2.2,0.8,3.0,0.10400000000000001,,1.3,-2.2,-0.9,0.4
396,341,Marcus Morris\morrima03,PF,30,LAC,3,99,9.4,0.516,0.5,0.0,2.1,15.2,8.8,7.0,1.4,2.7,11.1,15.0,,0.0,0.1,0.1,0.061,,-2.7,1.2,-1.5,0.0
397,342,Markieff Morris\morrima02,PF,30,DET,44,988,12.8,0.573,0.486,0.203,2.7,17.1,9.9,10.9,1.3,0.9,14.2,21.7,,0.4,0.7,1.1,0.054000000000000006,,-0.9,-1.4,-2.3,-0.1
398,343,Monte Morris\morrimo01,PG,24,DEN,55,1163,15.4,0.5379999999999999,0.285,0.134,1.8,7.4,4.6,24.6,1.7,0.9,7.7,17.5,,2.1,1.0,3.1,0.127,,0.2,-1.6,-1.5,0.2
399,344,Johnathan Motley\motlejo01,PF,24,LAC,13,41,28.4,0.774,0.067,0.467,7.7,17.2,12.5,32.7,3.4,0.0,21.7,23.3,,0.2,0.1,0.3,0.297,,5.3,1.4,6.6,0.1
400,345,Emmanuel Mudiay\mudiaem01,PG,23,UTA,45,724,13.2,0.5429999999999999,0.263,0.226,2.5,13.4,8.2,21.7,1.2,1.0,17.1,21.9,,0.2,0.8,1.1,0.07,,-1.9,0.0,-1.9,0.0
401,346,Dejounte Murray\murrade01,PG,23,SAS,50,1228,17.3,0.5479999999999999,0.17,0.198,5.2,20.1,12.7,23.1,3.2,0.9,16.6,20.0,,1.0,1.4,2.4,0.095,,0.2,1.8,2.0,1.2
402,347,Jamal Murray\murraja01,PG,22,DEN,45,1455,18.0,0.557,0.342,0.217,2.6,10.9,6.7,22.9,1.9,0.8,11.5,25.6,,2.1,1.5,3.6,0.11900000000000001,,1.8,-0.9,0.9,1.1
403,348,Džanan Musa\musadz01,SF,20,BRK,35,404,8.4,0.467,0.46799999999999997,0.317,5.0,12.9,9.0,10.9,1.5,0.2,15.5,19.4,,-0.4,0.4,0.1,0.008,,-4.3,-1.0,-5.2,-0.3
404,349,Mike Muscala\muscami01,C,28,OKC,37,463,12.1,0.562,0.762,0.15,3.0,17.6,10.5,9.5,0.7,1.8,7.7,16.2,,0.5,0.5,1.0,0.10300000000000001,,0.1,-0.9,-0.9,0.1
405,350,Sviatoslav Mykhailiuk\mykhasv01,SF,22,DET,47,1037,11.6,0.609,0.708,0.179,1.4,7.2,4.3,10.7,1.4,0.3,12.0,16.3,,1.2,0.5,1.7,0.078,,0.9,-2.2,-1.4,0.2
406,351,Abdel Nader\naderab01,SF,26,OKC,39,589,10.3,0.58,0.494,0.267,1.9,9.3,5.7,6.1,1.3,1.7,14.3,16.8,,0.2,0.5,0.7,0.057999999999999996,,-1.9,-0.8,-2.8,-0.1
407,352,Larry Nance\nancela02,C,27,CLE,45,1128,17.2,0.609,0.396,0.172,7.8,24.4,16.1,11.5,1.6,1.6,11.6,15.0,,2.1,0.8,2.9,0.12300000000000001,,1.1,0.7,1.8,1.1
408,353,Shabazz Napier\napiesh01,PG,28,TOT,40,934,14.4,0.5479999999999999,0.565,0.316,2.2,11.6,6.8,31.3,2.2,0.7,19.4,19.4,,0.8,0.7,1.5,0.079,,0.1,-1.3,-1.2,0.2
409,353,Shabazz Napier\napiesh01,PG,28,MIN,36,856,14.1,0.539,0.562,0.311,2.0,11.8,6.7,31.8,2.2,0.7,19.1,19.2,,0.7,0.7,1.4,0.077,,0.0,-1.2,-1.2,0.2
410,353,Shabazz Napier\napiesh01,PG,28,WAS,4,78,17.5,0.637,0.593,0.37,4.0,10.1,6.9,26.4,2.4,1.1,22.3,21.5,,0.1,0.0,0.2,0.10400000000000001,,1.8,-2.5,-0.7,0.0
411,354,Raul Neto\netora01,PG,27,PHI,44,480,10.8,0.534,0.41200000000000003,0.11800000000000001,2.5,8.4,5.5,18.9,2.0,0.9,17.9,17.6,,0.0,0.6,0.6,0.061,,-2.6,-0.9,-3.5,-0.2
412,355,Malik Newman\newmama01,SG,22,CLE,1,4,-11.2,0.34700000000000003,0.5,1.0,0.0,0.0,0.0,0.0,0.0,0.0,25.8,41.3,,0.0,0.0,0.0,-0.504,,-18.9,-10.4,-29.3,0.0
413,356,Georges Niang\niangge01,PF,26,UTA,48,652,12.6,0.617,0.6829999999999999,0.10099999999999999,1.9,12.3,7.3,7.2,0.9,0.6,8.8,16.7,,1.0,0.6,1.6,0.11800000000000001,,1.0,-1.2,-0.2,0.3
414,357,Nerlens Noel\noelne01,C,25,OKC,46,859,22.3,0.708,0.013999999999999999,0.396,10.0,20.2,15.3,8.8,2.7,6.6,15.3,15.4,,2.4,1.8,4.2,0.23399999999999999,,1.2,5.2,6.4,1.8
415,358,Zach Norvell\norveza01,SG,22,TOT,5,41,2.6,0.402,0.667,0.083,0.0,16.2,7.9,10.3,2.3,0.0,19.4,16.0,,-0.1,0.0,-0.1,-0.083,,-7.2,-1.6,-8.8,-0.1
416,358,Zach Norvell\norveza01,SG,22,LAL,2,5,-5.6,0.0,0.0,0.0,0.0,21.4,11.0,0.0,0.0,0.0,0.0,8.5,,0.0,0.0,0.0,-0.154,,-14.4,-2.9,-17.3,0.0
417,358,Zach Norvell\norveza01,SG,22,GSW,3,36,3.8,0.43700000000000006,0.727,0.091,0.0,15.5,7.5,11.8,2.7,0.0,20.8,17.1,,-0.1,0.0,-0.1,-0.073,,-6.2,-1.4,-7.6,-0.1
418,359,Jaylen Nowell\nowelja01,SG,20,MIN,9,102,8.7,0.461,0.513,0.256,2.0,7.4,4.6,15.8,0.0,0.8,6.5,18.8,,0.0,0.0,0.0,0.013000000000000001,,-3.0,-4.2,-7.2,-0.1
419,360,Frank Ntilikina\ntilila01,PG,21,NYK,49,1009,9.0,0.479,0.40700000000000003,0.16,2.0,9.6,5.7,20.4,2.2,1.5,17.9,15.0,,-0.3,0.7,0.5,0.023,,-2.8,-0.1,-2.9,-0.2
420,361,Kendrick Nunn\nunnke01,SG,24,MIA,51,1532,12.8,0.529,0.41100000000000003,0.10800000000000001,1.1,8.7,5.1,18.9,1.4,0.6,10.7,23.9,,0.4,1.3,1.6,0.051,,-0.7,-2.1,-2.8,-0.3
421,362,David Nwaba\nwabada01,SF,27,BRK,20,268,14.1,0.627,0.39399999999999996,0.38,3.2,13.8,8.6,4.3,1.9,3.7,8.8,14.2,,0.4,0.4,0.8,0.14400000000000002,,-1.6,1.5,-0.1,0.1
422,363,Royce O'Neale\onealro01,PF,26,UTA,54,1579,8.8,0.5920000000000001,0.633,0.113,1.4,17.1,9.6,11.3,1.2,1.1,14.6,8.7,,1.4,2.0,3.4,0.10400000000000001,,-0.3,2.6,2.3,1.7
423,364,Kyle O'Quinn\oquinky01,C,29,PHI,22,221,17.5,0.552,0.32799999999999996,0.172,13.5,26.6,20.1,20.7,0.9,6.5,20.7,16.9,,0.2,0.4,0.7,0.145,,-1.0,4.3,3.3,0.3
424,365,Semi Ojeleye\ojelese01,PF,25,BOS,51,762,7.3,0.547,0.62,0.209,2.9,10.6,6.8,4.7,1.1,0.5,6.6,8.5,,0.6,0.8,1.4,0.09,,-1.5,0.0,-1.5,0.1
425,366,Jahlil Okafor\okafoja01,C,24,NOP,27,420,18.1,0.631,0.013999999999999999,0.40299999999999997,11.4,18.0,14.7,12.9,0.8,3.8,17.5,20.1,,0.8,0.4,1.1,0.128,,-0.5,0.7,0.2,0.2
426,367,Elie Okobo\okoboel01,PG,22,PHO,45,608,11.3,0.517,0.408,0.389,2.5,10.9,6.6,21.7,1.7,0.6,13.6,14.9,,0.5,0.5,0.9,0.07400000000000001,,-1.8,-1.0,-2.9,-0.1
427,368,Josh Okogie\okogijo01,SG,21,MIN,51,1246,11.6,0.5379999999999999,0.392,0.484,5.7,13.2,9.3,9.0,2.1,1.4,15.3,16.0,,0.5,1.1,1.7,0.064,,-1.8,0.6,-1.2,0.3
428,369,KZ Okpala\okpalkz01,SF,20,MIA,5,26,13.8,0.595,0.2,0.4,4.5,16.4,10.7,5.5,3.8,3.8,14.5,11.7,,0.0,0.1,0.1,0.12300000000000001,,-2.9,3.4,0.5,0.0
429,370,Victor Oladipo\oladivi01,SG,27,IND,7,175,7.5,0.426,0.48200000000000004,0.17600000000000002,3.8,5.0,4.4,16.0,1.1,0.5,11.6,26.1,,-0.3,0.1,-0.2,-0.064,,-3.4,-3.5,-6.9,-0.2
430,371,Kelly Olynyk\olynyke01,C,28,MIA,48,934,13.3,0.609,0.581,0.258,4.1,21.4,13.2,11.0,1.6,1.6,14.6,16.5,,1.1,1.3,2.4,0.121,,-0.2,0.6,0.4,0.6
431,372,Miye Oni\onimi01,SG,22,UTA,3,8,-5.0,,,,0.0,13.0,6.8,0.0,0.0,0.0,100.0,5.5,,0.0,0.0,0.0,-0.14,,-11.6,0.7,-10.9,0.0
432,373,Cedi Osman\osmande01,SF,24,CLE,54,1560,10.6,0.5529999999999999,0.523,0.141,1.8,11.4,6.5,11.7,1.4,0.8,12.6,16.4,,0.8,0.4,1.2,0.036000000000000004,,-0.4,-1.3,-1.7,0.1
433,374,Kelly Oubre\oubreke01,SF,24,PHO,53,1825,15.3,0.5660000000000001,0.37799999999999995,0.303,3.7,17.7,10.6,6.6,1.7,1.8,8.4,22.5,,1.8,1.9,3.7,0.098,,-0.3,-0.4,-0.7,0.6
434,375,Tariq Owens\owensta01,PF,24,PHO,3,15,8.5,0.34,0.4,0.4,14.4,7.5,11.0,0.0,3.1,0.0,0.0,16.7,,0.0,0.0,0.0,0.019,,-5.1,-4.3,-9.4,0.0
435,376,Jeremy Pargo\pargoje01,PG,33,GSW,3,44,12.8,0.557,0.318,0.045,2.4,5.1,3.7,33.5,1.1,0.0,15.1,25.6,,0.0,0.0,0.0,0.013999999999999999,,-0.5,-5.8,-6.4,0.0
436,377,Jabari Parker\parkeja01,PF,24,ATL,32,837,17.3,0.565,0.293,0.183,6.9,17.8,12.3,11.7,2.3,1.5,12.4,24.1,,0.6,0.7,1.2,0.071,,-0.1,-0.6,-0.8,0.3
437,378,Chandler Parsons\parsoch01,SF,31,ATL,5,54,5.7,0.389,0.778,0.0,2.0,12.1,7.0,7.5,3.4,1.5,14.3,16.2,,-0.1,0.0,-0.1,-0.065,,-5.2,-0.4,-5.5,0.0
438,379,Eric Paschall\pascher01,PF,23,GSW,50,1334,13.7,0.5539999999999999,0.196,0.312,5.4,13.8,9.4,10.6,1.0,0.8,11.3,21.5,,0.8,0.5,1.4,0.049,,-1.8,-2.0,-3.8,-0.6
439,380,Anžejs Pasečņiks\pasecan01,C,24,WAS,20,370,12.3,0.56,0.02,0.49,10.5,17.3,13.8,6.2,1.0,2.3,15.1,16.4,,0.3,0.1,0.5,0.059000000000000004,,-2.6,-1.1,-3.7,-0.2
440,381,Patrick Patterson\pattepa01,PF,30,LAC,45,578,11.6,0.5670000000000001,0.753,0.191,5.3,15.3,10.4,6.8,0.5,0.5,7.2,14.9,,0.8,0.6,1.4,0.11699999999999999,,0.5,-1.5,-1.0,0.1
441,382,Justin Patton\pattoju01,C,22,OKC,5,24,4.7,0.45,0.4,0.0,4.8,17.8,11.5,12.5,0.0,0.0,16.7,22.0,,0.0,0.0,0.0,-0.064,,-5.9,-3.0,-8.8,0.0
442,383,Chris Paul\paulch01,PG,34,OKC,54,1716,21.6,0.607,0.358,0.318,1.3,15.8,8.8,32.9,2.4,0.4,12.7,22.8,,4.8,2.2,7.1,0.198,,4.2,0.6,4.8,2.9
443,384,Elfrid Payton\paytoel01,PG,25,NYK,36,988,15.9,0.46,0.166,0.157,4.4,14.0,9.0,37.7,3.0,1.5,15.9,19.4,,0.3,1.1,1.3,0.065,,-0.6,1.2,0.5,0.6
444,385,Gary Payton\paytoga02,PG,27,WAS,23,406,11.4,0.47100000000000003,0.374,0.075,6.5,13.3,9.7,14.3,3.7,1.5,14.7,13.2,,0.1,0.3,0.4,0.048,,-1.3,1.4,0.1,0.2
445,386,Norvel Pelle\pelleno01,C,26,PHI,16,164,12.4,0.583,0.0,0.414,9.4,26.6,18.1,5.8,0.3,11.9,25.9,12.2,,0.0,0.4,0.4,0.11,,-6.1,6.3,0.2,0.1
446,387,Theo Pinson\pinsoth01,SG,24,BRK,28,342,5.0,0.376,0.513,0.107,3.1,11.1,7.2,21.8,2.1,0.5,16.9,23.1,,-1.0,0.4,-0.6,-0.079,,-5.9,-0.8,-6.7,-0.4
447,388,Mason Plumlee\plumlma01,C,29,DEN,43,750,19.2,0.609,0.019,0.5429999999999999,11.5,23.6,17.6,20.3,1.5,3.3,19.5,18.7,,1.4,1.2,2.5,0.161,,0.0,2.9,2.9,0.9
448,389,Vincent Poirier\poirivi01,C,26,BOS,18,108,12.1,0.529,0.067,0.233,9.1,23.7,16.4,8.9,0.9,5.1,15.4,15.5,,0.1,0.2,0.3,0.11699999999999999,,-4.0,2.4,-1.6,0.0
449,390,Jakob Pöltl\poeltja01,C,24,SAS,54,922,19.5,0.619,0.0,0.33,11.5,22.8,17.2,14.4,1.4,7.6,15.7,13.2,,2.0,1.2,3.2,0.165,,0.3,4.7,4.9,1.6
450,391,Shamorie Ponds\pondssh01,PG,21,TOR,4,11,33.4,0.765,0.4,0.4,0.0,9.4,4.8,31.8,0.0,8.8,0.0,22.9,,0.1,0.0,0.1,0.451,,9.0,-0.1,8.9,0.0
451,392,Jordan Poole\poolejo01,SG,20,GSW,48,1033,5.8,0.42,0.5379999999999999,0.22899999999999998,0.6,9.9,5.1,13.6,1.4,0.8,9.9,20.5,,-1.7,0.4,-1.3,-0.062,,-4.8,-2.7,-7.5,-1.4
452,393,Kevin Porter\porteke02,SF,19,CLE,42,952,10.8,0.547,0.363,0.222,2.0,13.6,7.7,13.1,1.9,0.6,17.2,20.3,,-0.2,0.4,0.2,0.01,,-2.1,-1.3,-3.4,-0.3
453,394,Michael Porter\portemi01,PF,21,DEN,39,556,19.9,0.609,0.37,0.16399999999999998,8.5,25.5,16.9,8.1,1.5,2.9,10.5,22.2,,1.0,0.9,1.9,0.165,,0.6,-0.2,0.4,0.3
454,395,Otto Porter\porteot01,SF,26,CHI,9,226,13.5,0.544,0.47600000000000003,0.23800000000000002,3.7,11.6,7.5,9.4,1.9,1.2,7.0,18.9,,0.2,0.2,0.5,0.098,,-0.6,-0.9,-1.5,0.0
455,396,Bobby Portis\portibo01,C,24,NYK,55,1142,14.0,0.513,0.33399999999999996,0.159,6.7,20.7,13.4,11.8,1.2,0.8,10.4,20.9,,0.5,0.8,1.4,0.057,,-1.2,-1.1,-2.3,-0.1
456,397,Kristaps Porziņģis\porzikr01,PF,24,DAL,42,1283,18.5,0.537,0.433,0.293,5.7,25.3,15.7,7.4,1.1,5.2,8.8,26.4,,1.2,1.9,3.1,0.11599999999999999,,-1.0,0.5,-0.5,0.5
457,398,Dwight Powell\poweldw01,C,28,DAL,40,1061,16.2,0.677,0.17,0.485,7.5,14.8,11.2,7.7,1.6,1.8,11.5,12.7,,2.7,1.0,3.7,0.166,,1.5,1.3,2.8,1.3
458,399,Norman Powell\powelno01,SG,26,TOR,38,1072,16.7,0.623,0.455,0.237,2.2,12.0,7.2,9.2,2.1,1.3,10.9,20.9,,1.6,1.6,3.3,0.147,,1.2,0.2,1.5,0.9
459,400,Julius Randle\randlju01,PF,25,NYK,53,1741,16.9,0.529,0.24600000000000002,0.33299999999999996,7.1,24.6,15.5,16.4,1.2,1.0,14.4,27.5,,0.4,1.5,1.9,0.051,,-0.5,-0.2,-0.7,0.6
460,401,Josh Reaves\reavejo02,SG,22,DAL,2,1,-40.3,0.0,0.0,0.0,0.0,0.0,0.0,0.0,0.0,0.0,0.0,42.9,,0.0,0.0,0.0,-1.035,,-38.5,-12.3,-50.8,0.0
461,402,Cam Reddish\reddica01,SF,20,ATL,48,1247,7.5,0.467,0.452,0.228,2.6,13.0,7.7,8.4,1.8,1.5,14.0,18.5,,-1.5,0.6,-0.9,-0.033,,-4.2,-0.9,-5.1,-1.0
462,403,J.J. Redick\redicjj01,SG,35,NOP,50,1359,15.8,0.645,0.618,0.298,0.7,9.6,5.1,10.5,0.6,0.5,9.1,20.2,,3.3,0.4,3.6,0.128,,2.8,-3.2,-0.3,0.6
463,404,Naz Reid\reidna01,C,20,MIN,19,216,16.4,0.5329999999999999,0.5,0.172,6.6,19.1,12.6,11.1,1.3,3.8,8.4,27.4,,0.1,0.2,0.4,0.084,,-0.1,-1.4,-1.5,0.0
464,405,Josh Richardson\richajo01,SG,26,PHI,41,1264,12.6,0.5379999999999999,0.376,0.233,2.8,8.6,5.7,15.6,1.5,1.7,13.4,21.8,,0.4,1.5,1.9,0.071,,-1.0,-0.4,-1.5,0.2
465,406,Austin Rivers\riverau01,SG,27,HOU,50,1181,9.9,0.526,0.539,0.209,1.7,9.2,5.4,9.0,1.3,0.7,6.9,15.1,,0.9,0.8,1.7,0.068,,-1.6,-1.4,-3.0,-0.3
466,407,Duncan Robinson\robindu01,SF,25,MIA,54,1573,12.6,0.665,0.8859999999999999,0.091,0.6,11.3,6.2,7.1,0.9,0.8,7.6,15.5,,2.7,1.3,4.0,0.121,,2.9,-1.6,1.3,1.3
467,408,Glenn Robinson\robingl02,SF,26,TOT,50,1541,13.3,0.5760000000000001,0.331,0.14300000000000002,4.5,11.7,7.9,8.9,1.4,0.9,8.5,16.7,,1.6,0.7,2.3,0.071,,-0.4,-1.1,-1.5,0.2
468,408,Glenn Robinson\robingl02,SF,26,GSW,48,1516,13.2,0.574,0.335,0.146,4.5,11.8,8.0,8.9,1.4,0.8,8.5,16.6,,1.6,0.6,2.2,0.07,,-0.4,-1.1,-1.5,0.2
469,408,Glenn Robinson\robingl02,SF,26,PHI,2,25,20.1,0.667,0.16699999999999998,0.0,4.4,4.4,4.4,7.6,0.0,3.4,7.7,22.4,,0.0,0.0,0.1,0.132,,0.3,-3.0,-2.7,0.0
470,409,Jerome Robinson\robinje01,SG,22,TOT,45,531,4.9,0.424,0.49700000000000005,0.139,1.0,13.2,7.1,12.2,1.2,1.3,14.9,14.7,,-0.6,0.6,-0.1,-0.006,,-4.8,0.0,-4.8,-0.4
471,409,Jerome Robinson\robinje01,SG,22,LAC,42,476,4.8,0.423,0.493,0.14,1.1,11.6,6.5,12.6,1.3,1.5,15.3,14.8,,-0.6,0.5,0.0,-0.004,,-4.8,0.3,-4.5,-0.3
472,409,Jerome Robinson\robinje01,SG,22,WAS,3,55,4.9,0.441,0.5329999999999999,0.133,0.0,26.5,12.8,9.2,0.8,0.0,11.2,13.5,,-0.1,0.0,0.0,-0.026000000000000002,,-5.4,-2.2,-7.6,-0.1
473,410,Justin Robinson\robinju01,PG,22,WAS,9,49,8.3,0.542,0.41700000000000004,0.0,2.1,9.2,5.5,18.3,0.0,1.7,20.0,12.7,,0.0,0.0,0.0,0.004,,-3.5,-3.5,-7.0,-0.1
474,411,Mitchell Robinson\robinmi01,C,21,NYK,51,1154,22.5,0.7190000000000001,0.0,0.42700000000000005,12.9,18.6,15.6,3.8,1.9,7.7,9.2,13.2,,3.7,1.6,5.3,0.221,,1.6,3.7,5.3,2.1
475,412,Isaiah Roby\robyis01,SF,21,OKC,1,2,-20.2,0.0,0.0,0.0,0.0,0.0,0.0,0.0,0.0,0.0,0.0,22.0,,0.0,0.0,0.0,-0.545,,-22.5,-5.9,-28.4,0.0
476,413,Rajon Rondo\rondora01,PG,33,LAL,38,797,13.5,0.513,0.385,0.121,2.5,14.6,8.7,33.7,1.8,0.2,21.1,19.4,,0.4,1.0,1.4,0.084,,-1.2,-0.4,-1.6,0.1
477,414,Derrick Rose\rosede01,PG,31,DET,45,1180,21.3,0.556,0.19699999999999998,0.18899999999999997,2.3,8.4,5.3,41.1,1.5,1.0,13.1,31.2,,2.0,0.6,2.6,0.106,,2.8,-2.5,0.3,0.7
478,415,Terrence Ross\rosste01,SG,28,ORL,53,1419,12.5,0.521,0.589,0.207,0.8,11.7,6.0,6.5,2.0,1.2,7.2,22.5,,0.0,1.7,1.7,0.057,,-1.0,-1.4,-2.4,-0.1
479,416,Terry Rozier\roziete01,PG,25,CHO,53,1814,14.6,0.546,0.452,0.21100000000000002,2.5,12.4,7.2,20.3,1.5,0.5,12.7,23.9,,1.3,0.9,2.2,0.057,,0.8,-1.7,-0.9,0.5
480,417,Ricky Rubio\rubiori01,PG,29,PHO,47,1472,14.8,0.507,0.3,0.29,2.6,13.2,7.8,38.6,2.1,0.5,17.9,20.0,,1.3,1.3,2.6,0.086,,-0.3,-0.3,-0.7,0.5
481,418,D'Angelo Russell\russeda01,PG,23,TOT,35,1127,19.4,0.561,0.504,0.22699999999999998,1.4,11.2,6.1,36.6,1.4,0.8,13.0,32.0,,1.1,0.5,1.6,0.067,,4.7,-3.0,1.7,1.1
482,418,D'Angelo Russell\russeda01,PG,23,GSW,33,1060,19.3,0.5579999999999999,0.506,0.22699999999999998,1.4,11.4,6.2,36.4,1.4,0.8,12.6,32.1,,1.0,0.4,1.4,0.063,,4.8,-2.9,1.8,1.0
483,418,D'Angelo Russell\russeda01,PG,23,MIN,2,67,21.5,0.623,0.486,0.22899999999999998,1.5,8.1,4.7,41.0,2.1,1.2,18.9,29.3,,0.2,0.0,0.2,0.145,,3.7,-3.3,0.4,0.0
484,419,Domantas Sabonis\sabondo01,C,23,IND,52,1799,20.6,0.5870000000000001,0.083,0.35,9.8,30.0,20.0,21.0,1.0,1.3,14.9,23.3,,3.5,2.7,6.2,0.166,,1.5,2.3,3.9,2.7
485,420,JaKarr Sampson\sampsja02,SF,26,IND,18,248,11.0,0.599,0.18600000000000003,0.16899999999999998,4.9,14.2,9.6,2.2,1.2,2.8,8.6,12.3,,0.2,0.3,0.5,0.096,,-2.4,0.2,-2.2,0.0
486,421,Dario Šarić\saricda01,PF,25,PHO,48,1189,12.5,0.5489999999999999,0.473,0.174,6.7,20.4,13.4,10.8,1.2,0.9,12.3,17.2,,0.9,1.1,2.0,0.079,,-0.7,0.0,-0.7,0.4
487,422,Tomáš Satoranský\satorto01,PG,28,CHI,55,1575,14.4,0.5539999999999999,0.374,0.22899999999999998,3.8,10.4,7.0,27.5,2.2,0.4,17.2,16.7,,2.0,1.5,3.5,0.107,,0.0,-0.2,-0.2,0.7
488,423,Admiral Schofield\schofad01,SF,22,WAS,26,292,6.8,0.514,0.627,0.17300000000000001,2.2,10.8,6.3,6.2,1.3,0.9,8.0,12.5,,0.1,0.0,0.1,0.019,,-2.1,-2.4,-4.5,-0.2
489,424,Dennis Schröder\schrode01,PG,26,OKC,54,1685,17.0,0.5760000000000001,0.34299999999999997,0.226,1.2,12.0,6.8,21.5,1.0,0.7,13.4,27.3,,1.7,1.4,3.1,0.08900000000000001,,1.0,-1.6,-0.6,0.6
490,425,Mike Scott\scottmi01,PF,31,PHI,55,947,9.6,0.528,0.6509999999999999,0.098,5.1,16.3,10.8,4.5,0.9,0.4,6.5,14.0,,0.6,1.0,1.7,0.084,,-1.6,-1.4,-3.0,-0.2
491,426,Thabo Sefolosha\sefolth01,PF,35,HOU,38,409,10.0,0.513,0.6,0.071,5.3,17.7,11.5,7.7,2.3,2.5,13.8,10.2,,0.2,0.5,0.7,0.083,,-2.8,1.8,-1.0,0.1
492,427,Collin Sexton\sextoco01,SG,21,CLE,54,1737,15.9,0.544,0.221,0.231,3.5,7.5,5.5,14.1,1.5,0.3,10.7,27.0,,1.5,0.2,1.7,0.047,,0.0,-3.1,-3.0,-0.5
493,428,Landry Shamet\shamela01,SG,22,LAC,38,1111,9.7,0.621,0.7559999999999999,0.162,0.4,6.8,3.7,8.4,0.6,0.6,8.5,13.2,,1.6,0.8,2.5,0.107,,1.3,-1.0,0.3,0.6
494,429,Marial Shayok\shayoma01,SG,24,PHI,2,10,-1.9,0.3,0.6,0.0,0.0,32.7,16.5,13.4,0.0,0.0,16.7,25.9,,-0.1,0.0,0.0,-0.22,,-12.2,-2.7,-15.0,0.0
495,430,Iman Shumpert\shumpim01,SG,29,BRK,13,241,5.3,0.40299999999999997,0.516,0.109,3.9,10.4,7.2,6.8,2.4,0.7,13.0,13.4,,-0.3,0.3,0.0,0.0,,-4.8,1.0,-3.8,-0.1
496,431,Pascal Siakam\siakapa01,PF,25,TOR,44,1538,18.9,0.5529999999999999,0.306,0.252,3.6,18.8,11.4,16.6,1.4,2.5,10.1,28.9,,1.6,2.5,4.1,0.129,,0.4,1.0,1.4,1.3
497,432,Chris Silva\silvach01,PF,23,MIA,37,289,17.2,0.6659999999999999,0.031,0.6920000000000001,20.7,19.6,20.1,9.3,1.5,5.8,26.1,17.5,,0.6,0.5,1.1,0.177,,-0.4,2.7,2.3,0.3
498,433,Ben Simmons\simmobe01,PG,23,PHI,53,1926,20.7,0.607,0.01,0.45899999999999996,6.1,17.8,12.0,34.8,2.9,1.4,20.5,20.8,,3.8,3.4,7.2,0.18,,1.8,3.3,5.1,3.5
499,434,Anfernee Simons\simonan01,SG,20,POR,55,1219,9.7,0.517,0.41700000000000004,0.17300000000000001,1.9,9.5,5.7,9.6,0.7,0.6,9.8,18.7,,0.3,0.2,0.5,0.019,,-1.7,-2.6,-4.3,-0.7
500,435,Alen Smailagić\smailal01,PF,19,GSW,12,118,16.0,0.638,0.306,0.5,7.0,15.1,10.9,12.1,0.8,3.0,17.0,19.1,,0.2,0.1,0.3,0.102,,-1.3,-1.2,-2.5,0.0
501,436,Marcus Smart\smartma01,SG,25,BOS,43,1358,13.8,0.525,0.589,0.201,2.4,9.7,6.1,20.7,2.5,1.4,12.0,18.4,,1.4,2.0,3.4,0.11900000000000001,,1.3,0.8,2.1,1.4
502,437,Dennis Smith\smithde03,PG,22,NYK,30,465,6.8,0.397,0.273,0.261,4.2,12.1,8.0,26.2,2.0,1.6,20.6,22.5,,-1.2,0.4,-0.8,-0.086,,-5.5,-0.5,-6.0,-0.5
503,438,Ish Smith\smithis01,PG,31,WAS,53,1400,14.0,0.517,0.258,0.122,1.9,11.4,6.5,25.1,1.5,1.3,11.0,18.4,,1.3,0.3,1.6,0.054000000000000006,,-0.6,-1.8,-2.4,-0.1
504,439,Zhaire Smith\smithzh01,SG,20,PHI,7,32,1.1,0.313,0.273,0.364,0.0,6.8,3.4,8.3,4.5,0.0,13.6,19.9,,-0.1,0.1,-0.1,-0.111,,-9.7,0.0,-9.7,-0.1
505,440,Tony Snell\snellto01,SF,28,DET,50,1373,9.6,0.606,0.6779999999999999,0.064,0.6,6.8,3.7,9.6,0.8,0.7,6.7,11.4,,1.8,0.4,2.2,0.077,,0.3,-1.5,-1.2,0.3
506,441,Omari Spellman\spellom01,PF,22,GSW,49,886,14.5,0.551,0.373,0.312,9.0,17.9,13.3,8.2,1.8,2.4,13.9,18.7,,0.5,0.7,1.3,0.068,,-1.8,-0.3,-2.0,0.0
507,442,Max Strus\strusma01,SG,23,CHI,2,6,30.8,0.727,0.33299999999999996,0.33299999999999996,17.5,0.0,9.1,0.0,0.0,0.0,0.0,24.5,,0.0,0.0,0.0,0.319,,7.1,-9.6,-2.5,0.0
508,443,Edmond Sumner\sumneed01,PG,24,IND,20,268,10.2,0.502,0.325,0.163,3.3,8.6,6.0,14.0,2.4,2.0,14.9,16.6,,-0.1,0.3,0.3,0.047,,-2.6,0.6,-2.0,0.0
509,444,Caleb Swanigan\swanica01,PF,22,TOT,18,199,6.1,0.495,0.055999999999999994,0.278,11.0,24.3,17.7,10.5,0.5,2.6,36.3,13.6,,-0.3,0.2,-0.1,-0.022000000000000002,,-5.8,1.3,-4.5,-0.1
510,444,Caleb Swanigan\swanica01,PF,22,SAC,7,23,0.0,0.512,0.0,0.5,9.5,25.4,17.2,11.7,2.1,8.3,55.1,20.6,,-0.1,0.0,-0.1,-0.177,,-12.9,5.9,-7.0,0.0
511,444,Caleb Swanigan\swanica01,PF,22,POR,11,176,6.9,0.493,0.063,0.25,11.2,24.2,17.8,10.3,0.3,1.9,32.4,12.6,,-0.1,0.1,0.0,-0.002,,-4.9,0.7,-4.1,-0.1
512,445,Jayson Tatum\tatumja01,PF,21,BOS,50,1707,19.5,0.5539999999999999,0.374,0.239,3.2,18.5,10.9,13.9,2.0,2.4,9.7,28.1,,2.1,2.8,4.9,0.138,,1.2,0.7,2.0,1.7
513,446,Jeff Teague\teaguje01,PG,31,TOT,48,1251,14.9,0.556,0.242,0.413,1.7,8.6,5.1,32.4,1.5,1.1,17.0,19.5,,1.8,0.6,2.4,0.091,,-0.8,-2.3,-3.1,-0.3
514,446,Jeff Teague\teaguje01,PG,31,MIN,34,945,16.1,0.578,0.26899999999999996,0.444,1.6,8.4,4.9,33.0,1.2,1.1,16.4,20.2,,1.8,0.5,2.2,0.114,,0.2,-2.4,-2.2,0.0
515,446,Jeff Teague\teaguje01,PG,31,ATL,14,306,11.2,0.47100000000000003,0.14400000000000002,0.3,2.1,9.3,5.6,30.5,2.1,0.8,19.1,17.1,,0.0,0.1,0.1,0.018000000000000002,,-3.9,-2.0,-5.8,-0.3
516,447,Garrett Temple\templga01,SG,33,BRK,48,1353,9.8,0.505,0.66,0.14300000000000002,2.0,9.9,6.0,12.5,1.3,1.3,9.7,16.6,,0.3,1.4,1.7,0.06,,-1.1,0.0,-1.2,0.3
517,448,Daniel Theis\theisda01,C,27,BOS,48,1100,17.2,0.605,0.22,0.264,10.1,19.1,14.6,9.9,1.4,5.4,10.6,14.3,,2.4,2.0,4.4,0.192,,0.9,3.7,4.6,1.8
518,449,Isaiah Thomas\thomais02,PG,30,WAS,40,925,11.7,0.531,0.444,0.17800000000000002,1.2,6.9,4.0,22.7,0.7,0.6,14.4,24.1,,0.2,-0.2,0.0,0.0,,-0.8,-4.8,-5.6,-0.9
519,450,Khyri Thomas\thomakh01,SG,23,DET,2,6,3.9,0.568,,,0.0,0.0,0.0,0.0,0.0,0.0,0.0,6.4,,0.0,0.0,0.0,0.028999999999999998,,-4.8,-3.0,-7.8,0.0
520,451,Matt Thomas\thomama02,SG,25,TOR,24,250,13.2,0.6559999999999999,0.675,0.08800000000000001,1.7,12.0,6.9,7.6,1.3,0.0,8.8,15.6,,0.4,0.3,0.7,0.13699999999999998,,0.7,-1.7,-0.9,0.1
521,452,Tristan Thompson\thomptr01,C,28,CLE,50,1531,16.9,0.5429999999999999,0.027999999999999997,0.29100000000000004,14.8,22.5,18.6,10.1,1.0,2.5,14.6,18.2,,1.8,0.9,2.7,0.084,,-0.6,0.8,0.1,0.8
522,453,Matisse Thybulle\thybuma01,SG,22,PHI,47,953,9.8,0.544,0.643,0.18899999999999997,2.9,5.6,4.3,7.9,3.5,3.6,15.9,11.4,,0.1,1.7,1.8,0.092,,-1.5,3.3,1.9,0.9
523,454,Anthony Tolliver\tollian01,PF,34,TOT,42,636,6.6,0.48200000000000004,0.7759999999999999,0.157,4.8,14.9,9.9,6.4,0.9,1.3,14.9,11.2,,-0.1,0.3,0.2,0.017,,-2.3,-0.6,-2.8,-0.1
524,454,Anthony Tolliver\tollian01,PF,34,POR,33,554,7.6,0.515,0.7609999999999999,0.162,5.1,15.2,10.2,6.7,0.7,1.4,14.3,11.2,,0.2,0.2,0.4,0.034,,-1.5,-0.7,-2.2,0.0
525,454,Anthony Tolliver\tollian01,PF,34,SAC,9,82,0.3,0.252,0.882,0.11800000000000001,2.7,12.8,7.6,4.6,2.4,1.2,18.3,11.6,,-0.2,0.1,-0.2,-0.1,,-7.2,0.4,-6.8,-0.1
526,455,Juan Toscano-Anderson\toscaju01,SF,26,GSW,3,47,8.6,0.6,0.2,0.0,0.0,16.6,8.0,9.3,3.0,0.0,23.1,11.8,,0.0,0.0,0.0,0.02,,-5.3,0.2,-5.1,0.0
527,456,Karl-Anthony Towns\townska01,C,24,MIN,35,1187,26.8,0.642,0.445,0.363,8.1,25.8,16.7,23.2,1.3,2.9,13.2,28.9,,3.9,1.4,5.3,0.214,,6.8,1.4,8.2,3.0
528,457,Gary Trent\trentga02,SG,21,POR,43,767,12.6,0.574,0.632,0.085,2.4,6.3,4.4,6.8,1.8,1.1,4.5,14.8,,1.2,0.3,1.4,0.09,,1.2,-1.6,-0.4,0.3
529,458,Allonzo Trier\trieral01,PG,24,NYK,20,246,12.2,0.5870000000000001,0.541,0.45899999999999996,1.7,9.8,5.6,14.6,0.4,1.5,16.4,21.0,,0.2,0.1,0.3,0.055,,-1.0,-3.2,-4.3,-0.1
530,459,P.J. Tucker\tuckepj01,PF,34,HOU,54,1887,8.7,0.58,0.67,0.136,4.6,16.3,10.4,6.0,1.5,1.0,14.5,8.7,,1.5,1.9,3.4,0.086,,-1.0,1.4,0.5,1.2
531,460,Rayjon Tucker\tuckera01,SG,22,UTA,12,74,4.4,0.44799999999999995,0.316,0.263,3.1,12.6,8.1,3.7,0.7,0.0,12.4,14.3,,-0.1,0.1,0.0,-0.008,,-5.5,-1.3,-6.8,-0.1
532,461,Evan Turner\turneev01,PG,31,ATL,19,251,6.9,0.424,0.075,0.209,3.4,13.0,8.2,20.7,1.7,2.7,26.2,16.4,,-0.5,0.1,-0.3,-0.064,,-7.2,0.3,-7.0,-0.3
533,462,Myles Turner\turnemy01,C,23,IND,45,1308,14.6,0.568,0.45299999999999996,0.295,4.4,18.8,11.7,5.9,1.2,5.8,11.3,17.9,,0.9,2.0,2.9,0.106,,-1.0,2.5,1.5,1.2
534,463,Jonas Valančiūnas\valanjo01,C,27,MEM,51,1327,22.2,0.631,0.132,0.231,11.7,30.8,21.4,11.1,0.8,4.0,13.2,21.7,,2.9,1.8,4.8,0.17300000000000001,,0.9,1.7,2.6,1.6
535,464,Denzel Valentine\valende01,SF,26,CHI,30,366,12.7,0.52,0.616,0.03,1.1,16.5,8.5,14.7,2.6,1.3,10.7,21.7,,0.0,0.5,0.4,0.057999999999999996,,-1.3,-0.5,-1.9,0.0
536,465,Jarred Vanderbilt\vandeja01,SF-PF,20,TOT,11,46,7.6,0.6759999999999999,0.125,0.25,7.1,14.4,10.7,5.9,3.2,2.0,44.1,14.9,,-0.1,0.1,0.0,-0.016,,-5.9,1.8,-4.1,0.0
537,465,Jarred Vanderbilt\vandeja01,SF,20,DEN,9,41,7.2,0.7140000000000001,0.0,0.0,8.0,13.5,10.7,6.6,3.6,2.2,50.0,14.8,,-0.1,0.1,0.0,-0.031,,-6.2,2.9,-3.3,0.0
538,465,Jarred Vanderbilt\vandeja01,PF,20,MIN,2,5,11.2,0.532,1.0,2.0,0.0,21.7,10.5,0.0,0.0,0.0,0.0,15.5,,0.0,0.0,0.0,0.11199999999999999,,-3.5,-7.3,-10.8,0.0
539,466,Fred VanVleet\vanvlfr01,PG,25,TOR,45,1621,16.6,0.551,0.473,0.249,1.2,9.6,5.5,27.9,2.5,0.8,12.4,22.2,,2.4,2.4,4.8,0.14300000000000002,,1.9,0.2,2.1,1.7
540,467,Gabe Vincent\vincega01,PG,23,MIA,4,41,1.3,0.316,0.8420000000000001,0.0,0.0,7.8,4.1,10.2,1.2,0.0,0.0,20.4,,-0.1,0.0,-0.1,-0.10400000000000001,,-5.3,-4.5,-9.8,-0.1
541,468,Noah Vonleh\vonleno01,C-PF,24,TOT,30,359,15.3,0.614,0.172,0.345,9.9,25.7,17.6,10.6,1.4,1.4,16.6,13.8,,0.6,0.4,1.0,0.128,,-1.7,0.6,-1.1,0.1
542,468,Noah Vonleh\vonleno01,C,24,MIN,29,347,15.4,0.605,0.163,0.326,9.9,25.6,17.5,10.9,1.5,1.4,16.2,13.9,,0.6,0.4,0.9,0.129,,-1.8,0.9,-0.9,0.1
543,468,Noah Vonleh\vonleno01,PF,24,DEN,1,12,11.9,1.064,1.0,2.0,9.1,27.7,18.4,0.0,0.0,0.0,34.7,10.4,,0.0,0.0,0.0,0.096,,-1.3,-6.2,-7.5,0.0
544,469,Nikola Vučević\vucevni01,C,29,ORL,44,1415,21.6,0.5329999999999999,0.294,0.159,8.3,28.2,17.9,20.8,1.4,2.6,7.7,26.0,,2.2,2.3,4.4,0.15,,2.2,2.2,4.3,2.3
545,470,Dean Wade\wadede01,PF,23,CLE,10,54,13.9,0.7659999999999999,0.3,0.1,4.0,28.9,16.4,2.6,1.8,4.7,22.3,10.6,,0.0,0.1,0.1,0.094,,-3.5,1.0,-2.4,0.0
546,471,Moritz Wagner\wagnemo01,C,22,WAS,26,527,18.0,0.6779999999999999,0.326,0.29,7.2,24.0,15.3,9.4,1.6,2.4,18.4,21.0,,0.9,0.4,1.3,0.114,,0.7,-0.7,-0.1,0.3
547,472,Dion Waiters\waitedi01,SG,28,MIA,3,42,13.8,0.53,0.654,0.038,0.0,28.0,14.6,12.4,0.0,4.7,10.2,30.9,,-0.1,0.1,0.0,0.006999999999999999,,-2.5,-2.0,-4.5,0.0
548,473,Kemba Walker\walkeke02,PG,29,BOS,46,1481,21.0,0.579,0.52,0.27,2.3,11.4,6.9,24.6,1.5,1.5,10.1,27.7,,3.7,1.8,5.5,0.17800000000000002,,4.7,-0.9,3.8,2.2
549,474,Lonnie Walker\walkelo01,SG,21,SAS,46,634,11.3,0.517,0.266,0.21899999999999997,3.1,12.8,8.0,7.6,1.8,1.1,9.6,19.3,,0.0,0.4,0.4,0.027999999999999997,,-2.7,-1.8,-4.4,-0.4
550,475,Tyrone Wallace\wallaty01,SG,25,ATL,14,160,3.9,0.389,0.341,0.386,2.0,12.9,7.4,11.0,2.0,0.5,16.3,16.0,,-0.3,0.1,-0.2,-0.07400000000000001,,-6.9,-1.3,-8.2,-0.3
551,476,Taurean Waller-Prince\princta02,SF,25,BRK,53,1573,9.9,0.504,0.588,0.114,2.9,18.2,10.8,10.0,1.5,1.1,13.8,20.1,,-1.1,2.1,1.0,0.032,,-2.4,0.5,-1.9,0.0
552,477,Derrick Walton\waltode01,PG,24,LAC,23,222,8.4,0.626,0.583,0.25,0.9,5.9,3.5,12.6,0.8,0.0,9.1,8.2,,0.4,0.2,0.5,0.11,,-0.9,-1.5,-2.4,0.0
553,478,Brad Wanamaker\wanambr01,PG,30,BOS,53,999,12.2,0.557,0.282,0.35200000000000004,1.4,9.8,5.7,19.3,1.9,1.0,15.5,16.0,,1.1,1.3,2.3,0.11199999999999999,,-1.4,0.0,-1.4,0.1
554,479,T.J. Warren\warretj01,SF,26,IND,52,1678,17.5,0.6,0.21,0.231,3.1,9.6,6.4,6.6,1.8,1.3,7.0,22.6,,2.8,1.8,4.6,0.131,,1.1,-0.8,0.3,1.0
555,480,P.J. Washington\washipj01,PF,21,CHO,47,1414,12.3,0.55,0.348,0.244,3.1,17.2,9.9,10.8,1.5,2.5,12.9,17.7,,0.4,1.2,1.6,0.054000000000000006,,-2.0,0.7,-1.4,0.2
556,481,Yuta Watanabe\watanyu01,SG,25,MEM,9,49,7.9,0.508,0.28600000000000003,0.28600000000000003,2.2,14.8,8.6,2.6,0.9,1.7,6.0,14.3,,0.0,0.0,0.0,0.034,,-4.9,-1.8,-6.7,-0.1
557,482,Tremont Waters\watertr01,PG,22,BOS,9,73,8.2,0.457,0.536,0.214,0.0,10.2,5.2,19.1,3.3,2.5,20.7,22.6,,-0.1,0.1,0.0,-0.011000000000000001,,-4.8,0.5,-4.3,0.0
558,483,Paul Watson\watsopa01,SF-SG,25,TOT,4,22,-2.5,0.063,0.429,0.28600000000000003,0.0,14.6,7.3,21.8,2.1,0.0,0.0,14.9,,-0.1,0.0,-0.1,-0.20600000000000002,,-11.1,-1.7,-12.8,-0.1
559,483,Paul Watson\watsopa01,SG,25,ATL,2,17,-7.1,0.0,0.429,0.0,0.0,12.8,6.3,21.3,2.7,0.0,0.0,17.1,,-0.1,0.0,-0.1,-0.322,,-13.5,-2.0,-15.4,-0.1
560,483,Paul Watson\watsopa01,SF,25,TOR,2,5,13.2,0.568,,,0.0,20.6,10.5,23.7,0.0,0.0,0.0,7.5,,0.0,0.0,0.0,0.18899999999999997,,-3.1,-0.8,-3.9,0.0
561,484,Quinndary Weatherspoon\weathqu01,SG,23,SAS,1,4,-10.0,0.0,0.0,0.0,0.0,0.0,0.0,0.0,0.0,0.0,0.0,10.8,,0.0,0.0,0.0,-0.28600000000000003,,-13.5,-3.7,-17.2,0.0
562,485,Russell Westbrook\westbru01,PG,31,HOU,45,1621,21.1,0.531,0.177,0.292,4.7,18.5,11.6,35.7,2.1,0.8,14.6,34.2,,1.7,1.9,3.6,0.106,,1.1,1.0,2.1,1.7
563,486,Coby White\whiteco01,SG,19,CHI,55,1337,10.1,0.47700000000000004,0.48200000000000004,0.151,2.0,14.2,7.8,15.3,1.5,0.3,11.1,23.1,,-1.0,1.2,0.1,0.005,,-2.8,-1.6,-4.4,-0.8
564,487,Derrick White\whitede01,SG,25,SAS,52,1237,15.6,0.579,0.33899999999999997,0.35200000000000004,2.4,11.5,6.9,19.8,1.1,3.0,12.0,18.2,,2.1,0.7,2.7,0.107,,0.7,-0.6,0.1,0.7
565,488,Hassan Whiteside\whiteha01,C,30,POR,51,1570,24.8,0.64,0.006999999999999999,0.35600000000000004,13.4,33.2,23.5,5.9,0.6,8.2,13.5,19.5,,4.2,2.5,6.7,0.205,,-0.1,3.2,3.1,2.0
566,489,Andrew Wiggins\wiggian01,SF-SG,24,TOT,45,1554,16.8,0.5429999999999999,0.349,0.275,3.2,12.4,7.7,18.6,1.1,2.2,11.0,27.8,,1.0,1.0,2.1,0.063,,0.6,-1.2,-0.6,0.5
567,489,Andrew Wiggins\wiggian01,SF,24,MIN,42,1455,16.2,0.535,0.348,0.262,3.3,12.7,7.9,18.4,0.9,2.1,10.8,28.0,,0.7,0.9,1.7,0.055,,0.4,-1.3,-0.9,0.4
568,489,Andrew Wiggins\wiggian01,SG,24,GSW,3,99,25.3,0.701,0.375,0.525,1.0,7.9,4.3,21.7,3.4,4.5,14.0,24.6,,0.3,0.1,0.4,0.19399999999999998,,3.6,0.0,3.6,0.1
569,490,Grant Williams\willigr01,PF,21,BOS,52,809,8.7,0.528,0.424,0.297,6.8,11.5,9.2,8.9,1.3,3.3,18.7,12.1,,0.3,1.1,1.4,0.08199999999999999,,-2.0,1.9,-0.1,0.4
570,491,Johnathan Williams\willijo04,C,24,WAS,11,135,14.4,0.643,0.08,0.2,11.7,23.3,17.3,5.8,0.3,3.8,12.8,9.6,,0.3,0.1,0.3,0.114,,-1.4,-0.1,-1.5,0.0
571,492,Kenrich Williams\willike04,PF,25,NOP,35,779,7.7,0.43,0.6709999999999999,0.168,6.6,17.6,12.0,8.4,1.5,2.2,12.0,9.2,,0.1,0.7,0.8,0.047,,-2.2,1.7,-0.5,0.3
572,493,Lou Williams\willilo02,SG,33,LAC,52,1562,17.3,0.542,0.331,0.374,1.5,9.0,5.4,30.2,1.0,0.6,14.0,28.8,,2.0,1.4,3.4,0.105,,1.0,-1.8,-0.8,0.5
573,494,Marvin Williams\willima02,PF,33,TOT,42,828,12.0,0.599,0.556,0.243,2.0,13.2,7.4,7.5,1.6,2.4,9.5,13.8,,0.9,0.6,1.5,0.09,,-1.2,-0.1,-1.4,0.1
574,494,Marvin Williams\willima02,PF,33,CHO,41,808,11.8,0.593,0.557,0.23800000000000002,1.9,13.2,7.3,7.7,1.6,2.5,9.7,13.9,,0.9,0.6,1.4,0.085,,-1.3,0.0,-1.3,0.1
575,494,Marvin Williams\willima02,PF,33,MIL,1,20,17.0,0.922,0.5,0.5,5.2,13.8,9.8,0.0,0.0,0.0,0.0,10.0,,0.1,0.0,0.1,0.27699999999999997,,2.2,-4.3,-2.1,0.0
576,495,Robert Williams\williro04,C,22,BOS,19,269,18.2,0.6709999999999999,0.0,0.28600000000000003,9.3,25.4,17.4,10.7,3.1,7.2,22.5,11.3,,0.4,0.7,1.1,0.195,,-1.1,7.0,5.9,0.5
577,496,Nigel Williams-Goss\willini01,PG,25,UTA,9,28,5.7,0.254,0.28600000000000003,0.28600000000000003,8.2,11.1,9.7,22.2,1.7,3.0,20.2,15.4,,-0.1,0.0,0.0,-0.039,,-6.5,2.2,-4.3,0.0
578,497,Zion Williamson\willizi01,PF,19,NOP,10,274,25.4,0.62,0.076,0.542,13.3,15.5,14.4,14.1,1.2,1.2,13.6,30.9,,0.7,0.2,0.9,0.153,,2.4,-1.8,0.5,0.2
579,498,D.J. Wilson\wilsodj01,PF,23,MIL,26,235,7.8,0.48700000000000004,0.57,0.08900000000000001,2.7,18.1,10.9,9.9,0.2,1.5,12.8,16.5,,-0.1,0.4,0.3,0.055,,-4.1,-0.3,-4.4,-0.1
580,499,Justise Winslow\winslju01,SF,23,MIA,11,352,8.7,0.44,0.209,0.209,5.3,17.3,11.6,18.6,1.0,1.4,14.6,20.7,,-0.4,0.4,0.0,0.001,,-4.3,0.3,-3.9,-0.2
581,500,Christian Wood\woodch01,PF,24,DET,53,1013,22.6,0.66,0.28300000000000003,0.508,8.6,25.3,16.9,6.9,1.2,3.7,11.9,21.9,,2.8,1.2,4.0,0.187,,1.1,-0.1,0.9,0.8
582,501,Delon Wright\wrighde01,SG,27,DAL,53,1116,16.6,0.5539999999999999,0.297,0.252,5.5,13.4,9.5,22.0,2.4,1.4,12.4,15.2,,2.3,1.2,3.5,0.151,,1.0,1.2,2.2,1.2
583,502,Thaddeus Young\youngth01,PF,31,CHI,54,1296,12.2,0.511,0.365,0.12,6.1,15.8,10.8,11.0,2.4,1.2,14.4,19.7,,-0.5,1.6,1.2,0.043,,-2.4,0.7,-1.6,0.1
584,503,Trae Young\youngtr01,PG,21,ATL,50,1760,24.4,0.599,0.45299999999999996,0.444,1.8,11.8,6.7,45.9,1.5,0.2,16.4,35.0,,4.5,0.5,5.1,0.138,,7.7,-2.7,5.0,3.1
585,504,Cody Zeller\zelleco01,C,27,CHO,50,1154,18.2,0.563,0.165,0.34,12.7,21.1,16.7,10.8,1.4,1.8,11.6,20.9,,1.8,1.0,2.8,0.11800000000000001,,-0.1,-0.2,-0.3,0.5
586,505,Ante Žižić\zizican01,C,23,CLE,16,159,18.7,0.621,0.0,0.306,9.6,28.8,19.1,2.9,1.8,2.1,8.3,16.2,,0.4,0.1,0.5,0.151,,-2.4,-1.5,-3.9,-0.1
587,506,Ivica Zubac\zubaciv01,C,22,LAC,55,980,21.0,0.637,0.006999999999999999,0.408,15.0,25.2,20.2,8.7,0.5,4.9,11.9,16.6,,2.9,1.7,4.6,0.22399999999999998,,0.7,2.6,3.2,1.3
