,Rank,Name,Age,games,min_played,FG%,Avg_shot_dist,%_2point_attempts,%_FGA_0-3_dist,%_FGA_3-10_dist,%_FGA_10-16_dist,%_FGA_16-3pt_dist,%_3point_attempts,%FG_2point,%_FG_0-3_dist,%_FG_3-10_dist,%_FG_10-16_dist,%_FG_10-16_dist,3pt%,assisted_2pters,FG%_dunk_attempts,made_dunks,assisted_3pt%,%_corner_3pters,%_corner_3_made,3-Pt Field Goals.3,3-Pt Field Goals.4
0,,,,,,,,% of FGA by Distance,% of FGA by Distance,% of FGA by Distance,% of FGA by Distance,% of FGA by Distance,% of FGA by Distance,FG% by Distance,FG% by Distance,FG% by Distance,FG% by Distance,FG% by Distance,FG% by Distance,,Dunks,Dunks,,Corner,Corner,Heaves,Heaves
1,Rk,,Age,G,MP,FG%,Dist.,2P,0-3,3-10,10-16,16-3pt,3P,2P%,0-3,3-10,10-16,16-3pt,3P%,%Ast'd,%FGA,Md.,%Ast'd,%3PA,3P%,Att.,Md.
2,1,Fred VanVleet\vanvlfr01,25,47,1682,.410,15.3,.521,.316,.105,.039,.061,.479,.430,.548,.194,.296,.310,.389,.175,.000,0,.711,.158,.442,1,0
3,2,OG Anunoby\anunoog01,22,56,1640,.499,11.7,.593,.453,.109,.020,.011,.407,.592,.683,.300,.333,.200,.364,.665,.153,67,.941,.497,.355,0,0
4,3,Kyle Lowry\lowryky01,33,45,1635,.420,18.1,.431,.211,.098,.049,.074,.569,.504,.649,.323,.452,.362,.357,.239,.000,0,.543,.086,.323,4,0
5,4,Pascal Siakam\siakapa01,25,46,1607,.464,12.2,.690,.298,.229,.073,.089,.310,.508,.708,.375,.344,.321,.367,.422,.041,34,.657,.233,.381,0,0
6,5,Serge Ibaka\ibakase01,30,46,1246,.528,12.1,.751,.253,.261,.114,.123,.249,.568,.750,.510,.477,.400,.408,.798,.095,49,1.000,.113,.250,0,0
7,6,Norman Powell\powelno01,26,38,1072,.498,13.9,.545,.358,.123,.024,.040,.455,.578,.669,.385,.400,.471,.401,.662,.062,23,.948,.313,.433,2,0
8,7,Terence Davis\daviste02,22,57,1003,.478,15.9,.436,.307,.084,.034,.011,.564,.551,.682,.300,.167,.000,.421,.419,.056,13,.918,.238,.521,1,0
9,8,Marc Gasol\gasolma01,35,35,974,.424,17.3,.463,.139,.173,.104,.048,.537,.449,.625,.525,.250,.091,.403,.646,.035,7,1.000,.097,.500,0,0
10,9,Rondae Hollis-Jefferson\holliro01,25,45,885,.481,4.6,.936,.688,.165,.060,.023,.064,.506,.590,.182,.563,.167,.118,.659,.098,23,1.000,.529,.000,1,0
11,10,Patrick McCaw\mccawpa01,24,31,747,.438,13.5,.577,.321,.139,.066,.051,.423,.494,.545,.368,.444,.571,.362,.615,.007,1,1.000,.448,.423,0,0
12,11,Chris Boucher\bouchch01,27,49,638,.461,11.3,.635,.483,.113,.013,.026,.365,.568,.622,.462,.000,.333,.274,.687,.170,37,1.000,.143,.083,0,0
13,12,Matt Thomas\thomama02,25,26,267,.511,21.3,.307,.045,.045,.125,.091,.693,.519,.500,.500,.455,.625,.508,.714,.000,0,1.000,.279,.647,0,0
14,13,Oshae Brissett\brissos01,21,19,135,.361,11.7,.583,.389,.167,.028,.000,.417,.476,.714,.000,.000,,.200,.600,.194,6,1.000,.533,.250,0,0
15,14,Malcolm Miller\millema01,26,24,124,.348,20.1,.217,.087,.130,.000,.000,.783,.400,.500,.333,,,.333,1.000,.000,0,1.000,.278,.600,0,0
16,15,Stanley Johnson\johnsst04,23,19,95,.267,14.2,.567,.333,.100,.067,.067,.433,.353,.500,.000,.000,.500,.154,.000,.000,0,1.000,.462,.000,0,0
17,16,Shamorie Ponds\pondssh01,21,4,11,.600,11.4,.600,.600,.000,.000,.000,.400,.667,.667,,,,.500,.500,.000,0,1.000,.000,,0,0
18,17,Dewan Hernandez\hernade01,23,4,11,.200,7.2,.800,.400,.400,.000,.000,.200,.250,.000,.500,,,.000,.000,.000,0,,.000,,0,0
19,18,Paul Watson\watsopa01,25,3,8,.000,28.0,.000,.000,.000,.000,.000,1.000,,,,,,.000,,.000,0,,.000,,0,0
20,1,Jayson Tatum\tatumja01,21,52,1779,.445,14.1,.624,.256,.156,.126,.086,.376,.481,.612,.376,.413,.378,.386,.453,.053,47,.590,.189,.368,2,0
21,2,Jaylen Brown\brownja02,23,46,1552,.496,13.2,.638,.282,.202,.092,.062,.362,.562,.711,.426,.531,.372,.379,.476,.050,30,.927,.292,.459,1,0
22,3,Kemba Walker\walkeke02,29,46,1481,.429,17.2,.480,.203,.122,.082,.074,.520,.474,.618,.287,.444,.421,.388,.261,.000,0,.494,.040,.313,4,0
23,4,Marcus Smart\smartma01,25,45,1429,.381,18.7,.414,.099,.160,.103,.051,.586,.422,.551,.342,.490,.280,.353,.349,.008,4,.725,.149,.326,3,0
24,5,Gordon Hayward\haywago01,29,39,1304,.506,13.6,.692,.226,.188,.169,.108,.308,.560,.756,.455,.494,.439,.383,.515,.044,22,.839,.204,.394,0,0
25,6,Daniel Theis\theisda01,27,50,1159,.558,8.9,.782,.498,.192,.060,.032,.218,.621,.715,.443,.526,.400,.333,.779,.205,57,1.000,.101,.143,2,0
26,7,Brad Wanamaker\wanambr01,30,55,1040,.420,12.2,.722,.285,.253,.093,.093,.278,.438,.650,.268,.423,.269,.372,.416,.007,2,.897,.026,.500,0,0
27,8,Grant Williams\willigr01,21,54,835,.421,13.6,.567,.281,.205,.058,.023,.433,.536,.625,.543,.300,.000,.270,.596,.023,2,.900,.419,.290,1,0
28,9,Enes Kanter\kanteen01,27,44,797,.577,3.6,.975,.690,.236,.014,.035,.025,.588,.633,.493,.250,.500,.143,.509,.049,11,1.000,.143,.000,0,0
29,10,Semi Ojeleye\ojelese01,25,53,772,.395,17.7,.380,.163,.132,.031,.054,.620,.469,.619,.353,.000,.571,.350,.696,.062,6,.964,.463,.432,0,0
30,11,Javonte Green\greenja02,26,41,375,.511,8.5,.755,.511,.213,.021,.011,.245,.592,.667,.400,.500,1.000,.261,.619,.170,13,1.000,.391,.333,0,0
31,12,Carsen Edwards\edwarca01,21,33,296,.320,19.5,.398,.126,.078,.078,.117,.602,.341,.385,.000,.250,.583,.306,.500,.000,0,.684,.129,.125,0,0
32,13,Robert Williams\williro04,22,19,269,.673,2.9,1.000,.755,.184,.000,.061,.000,.673,.757,.444,,.333,,.758,.429,18,,,,0,0
33,14,Romeo Langford\langfro01,20,20,219,.447,12.8,.617,.255,.319,.043,.000,.383,.552,.750,.400,.500,,.278,.500,.021,1,1.000,.389,.429,1,0
34,15,Vincent Poirier\poirivi01,26,19,111,.484,7.7,.935,.484,.194,.129,.129,.065,.483,.533,.500,.000,.750,.500,.786,.194,6,1.000,.000,,0,0
35,16,Tremont Waters\watertr01,22,9,73,.357,17.1,.464,.179,.179,.071,.036,.536,.615,1.000,.400,.000,1.000,.133,.125,.000,0,.000,.133,.000,0,0
36,17,Tacko Fall\fallta01,24,6,24,.750,2.9,1.000,.583,.417,.000,.000,.000,.750,.857,.600,,,,.889,.417,5,,,,0,0
37,1,Tobias Harris\harrito02,27,57,1962,.471,13.4,.692,.217,.212,.163,.100,.308,.523,.665,.505,.459,.356,.355,.488,.048,37,.898,.181,.440,0,0
38,2,Ben Simmons\simmobe01,23,54,1930,.585,3.8,.990,.640,.301,.039,.010,.010,.588,.719,.371,.167,.333,.333,.507,.169,98,1.000,.333,1.000,2,0
39,3,Al Horford\horfoal01,33,52,1586,.436,16.1,.597,.164,.177,.122,.134,.403,.515,.763,.400,.449,.421,.320,.592,.030,15,.986,.118,.222,0,0
40,4,Josh Richardson\richajo01,26,43,1329,.432,16.3,.621,.173,.130,.152,.166,.379,.494,.604,.412,.350,.575,.332,.404,.019,10,.803,.121,.333,0,0
41,5,Joel Embiid\embiijo01,25,41,1258,.462,13.0,.765,.242,.186,.194,.142,.235,.499,.700,.472,.375,.362,.342,.476,.056,34,.925,.039,.333,2,0
42,6,Furkan Korkmaz\korkmfu01,22,56,1194,.438,19.4,.389,.123,.123,.085,.058,.611,.506,.691,.400,.447,.423,.396,.693,.022,10,.991,.190,.481,1,0
43,7,Matisse Thybulle\thybuma01,22,49,981,.402,17.8,.357,.221,.075,.035,.025,.643,.465,.591,.333,.286,.000,.367,.758,.111,19,1.000,.320,.488,1,0
44,8,Mike Scott\scottmi01,31,56,959,.396,19.0,.345,.169,.072,.065,.040,.655,.500,.574,.500,.389,.364,.341,.646,.014,2,1.000,.236,.233,2,0
45,9,James Ennis\ennisja01,29,49,776,.442,14.5,.531,.381,.093,.022,.035,.469,.525,.651,.190,.000,.375,.349,.698,.093,17,1.000,.415,.432,1,0
46,10,Raul Neto\netora01,27,46,515,.430,14.7,.589,.285,.165,.089,.051,.411,.473,.622,.346,.214,.500,.369,.364,.000,0,.875,.108,.571,2,0
47,11,Shake Milton\miltosh01,23,24,364,.440,15.8,.480,.240,.144,.080,.016,.520,.517,.733,.389,.200,.000,.369,.581,.000,0,.917,.292,.368,0,0
48,12,Trey Burke\burketr01,27,25,329,.465,14.4,.701,.252,.118,.134,.197,.299,.483,.688,.200,.588,.320,.421,.395,.000,0,.938,.132,.800,1,0
49,13,Kyle O'Quinn\oquinky01,29,22,221,.500,12.7,.672,.406,.063,.078,.125,.328,.581,.654,.500,.200,.625,.333,.640,.063,4,.857,.143,.000,0,0
50,14,Norvel Pelle\pelleno01,26,17,170,.545,2.1,1.000,.848,.121,.030,.000,.000,.545,.607,.250,.000,,,.611,.273,8,,,,0,0
51,15,Alec Burks\burksal01,28,3,65,.357,17.1,.607,.143,.107,.179,.179,.393,.412,1.000,.000,.400,.200,.273,.286,.036,1,1.000,.182,.500,0,0
52,16,Glenn Robinson\robingl02,26,4,58,.565,12.3,.739,.391,.087,.043,.217,.261,.765,1.000,.500,.000,.600,.000,.846,.130,3,,.333,.000,0,0
53,17,Zhaire Smith\smithzh01,20,7,32,.273,10.3,.727,.545,.000,.091,.091,.273,.375,.500,,.000,.000,.000,.667,.273,2,,.333,.000,0,0
54,18,Jonah Bolden\boldejo01,24,4,14,.667,36.0,.667,.333,.000,.000,.333,.333,1.000,1.000,,,1.000,.000,1.000,.000,0,,1.000,.000,0,0
55,19,Marial Shayok\shayoma01,24,2,10,.200,19.0,.400,.200,.000,.000,.200,.600,.000,.000,,,.000,.333,,.000,0,1.000,.667,.000,0,0
56,1,Spencer Dinwiddie\dinwisp01,26,55,1719,.414,13.0,.620,.327,.184,.081,.028,.380,.482,.626,.355,.247,.320,.304,.182,.012,11,.433,.137,.362,5,0
57,2,Joe Harris\harrijo01,28,54,1692,.469,15.7,.464,.280,.114,.027,.044,.536,.545,.629,.368,.500,.500,.403,.742,.003,2,.961,.172,.491,0,0
58,3,Taurean Waller-Prince\princta02,25,55,1625,.384,17.4,.409,.202,.105,.066,.038,.591,.431,.535,.313,.333,.375,.352,.584,.022,14,.880,.307,.336,2,0
59,4,Jarrett Allen\allenja01,21,55,1447,.637,2.5,.986,.754,.216,.014,.003,.014,.645,.736,.367,.200,.000,.000,.798,.467,145,,.800,.000,0,0
60,5,Garrett Temple\templga01,33,50,1412,.376,18.6,.342,.190,.051,.053,.049,.658,.469,.578,.333,.320,.348,.327,.579,.008,3,.882,.308,.344,0,0
61,6,DeAndre Jordan\jordade01,31,47,1015,.667,1.9,1.000,.833,.150,.008,.008,.000,.667,.725,.389,.000,.500,,.725,.438,90,,,,0,0
62,7,Caris LeVert\leverca01,25,30,832,.396,12.2,.711,.253,.251,.155,.052,.289,.407,.514,.300,.397,.435,.370,.315,.025,11,.553,.118,.267,0,0
63,8,Kyrie Irving\irvinky01,27,20,658,.478,14.6,.659,.190,.173,.195,.101,.341,.522,.671,.444,.506,.405,.394,.203,.000,0,.357,.099,.500,0,0
64,9,Wilson Chandler\chandwi01,32,27,572,.421,18.4,.372,.103,.172,.048,.048,.628,.611,.733,.560,.286,.857,.308,.485,.007,1,1.000,.220,.450,0,0
65,10,Timothé Luwawu-Cabarrot\luwawti01,24,30,463,.426,14.5,.473,.349,.093,.016,.016,.527,.443,.489,.333,.500,.000,.412,.630,.000,0,1.000,.441,.433,1,0
66,11,Rodions Kurucs\kurucro01,21,33,427,.487,13.1,.538,.410,.111,.009,.009,.462,.508,.646,.077,.000,.000,.463,.875,.094,9,.960,.204,.455,0,0
67,12,Džanan Musa\musadz01,20,35,404,.360,13.8,.532,.345,.151,.036,.000,.468,.473,.521,.381,.400,,.231,.629,.000,0,.867,.154,.300,0,0
68,13,Theo Pinson\pinsoth01,24,29,346,.296,15.9,.487,.349,.092,.033,.013,.513,.405,.491,.143,.000,1.000,.192,.167,.026,2,.667,.038,.000,3,0
69,14,David Nwaba\nwabada01,27,20,268,.521,11.5,.606,.408,.183,.014,.000,.394,.581,.655,.462,.000,,.429,.640,.070,5,1.000,.464,.462,0,0
70,15,Iman Shumpert\shumpim01,29,13,241,.328,18.5,.484,.156,.031,.078,.219,.516,.419,.600,.500,.400,.286,.242,.769,.000,0,.875,.242,.250,0,0
71,16,Nicolas Claxton\claxtni01,20,14,183,.565,6.5,.848,.522,.283,.022,.022,.152,.641,.792,.385,1.000,.000,.143,.680,.304,13,1.000,.571,.000,0,0
72,17,Chris Chiozza\chiozch01,24,5,27,.300,16.7,.400,.200,.100,.100,.000,.600,.500,.500,1.000,.000,,.167,.500,.000,0,.000,.333,.000,0,0
73,18,Justin Anderson\anderju01,26,3,17,.167,13.7,.500,.500,.000,.000,.000,.500,.333,.333,,,,.000,1.000,.167,1,,.333,.000,0,0
74,19,Henry Ellenson\ellenhe01,23,5,15,.143,16.0,.429,.286,.143,.000,.000,.571,.333,.500,.000,,,.000,.000,.000,0,,.500,.000,0,0
75,20,Jeremiah Martin\martije02,23,2,11,.250,10.8,1.000,.250,.250,.000,.500,.000,.250,1.000,.000,,.000,,1.000,.000,0,,,,0,0
76,1,Julius Randle\randlju01,25,54,1770,.453,10.8,.755,.348,.231,.096,.080,.245,.514,.633,.437,.427,.324,.263,.378,.054,43,.927,.144,.400,0,0
77,2,RJ Barrett\barrerj01,19,46,1399,.389,10.6,.735,.392,.209,.059,.075,.265,.418,.550,.244,.314,.295,.308,.348,.061,30,.979,.340,.340,1,0
78,3,Marcus Morris\morrima03,30,43,1387,.442,17.6,.585,.090,.138,.168,.189,.415,.444,.561,.341,.486,.425,.439,.291,.002,1,.767,.189,.500,4,0
79,4,Mitchell Robinson\robinmi01,21,52,1171,.731,1.4,1.000,.910,.086,.004,.000,.000,.731,.768,.375,.000,,,.681,.606,147,,,,0,0
80,5,Bobby Portis\portibo01,24,56,1169,.434,13.9,.663,.215,.219,.101,.128,.337,.474,.577,.453,.367,.419,.356,.533,.027,11,.983,.202,.424,0,0
81,6,Frank Ntilikina\ntilila01,21,50,1041,.385,16.7,.594,.203,.063,.115,.213,.406,.435,.586,.222,.273,.443,.310,.297,.024,4,.833,.190,.455,1,0
82,7,Kevin Knox\knoxke01,20,55,1005,.368,16.9,.490,.191,.122,.075,.101,.510,.414,.591,.262,.346,.314,.324,.543,.041,11,.947,.244,.256,1,0
83,8,Elfrid Payton\paytoel01,25,36,988,.430,8.9,.834,.390,.281,.107,.056,.166,.468,.554,.400,.342,.450,.237,.187,.022,8,.857,.169,.300,0,0
84,9,Taj Gibson\gibsota01,34,53,872,.575,7.0,.954,.550,.146,.088,.171,.046,.590,.689,.457,.476,.439,.273,.719,.133,26,1.000,.455,.200,0,0
85,10,Damyean Dotson\dotsoda01,25,46,805,.418,19.6,.436,.124,.055,.062,.196,.564,.492,.706,.267,.353,.463,.361,.559,.000,0,.821,.155,.333,0,0
86,11,Reggie Bullock\bullore01,28,22,563,.402,18.0,.500,.157,.074,.078,.191,.500,.461,.656,.200,.375,.436,.343,.681,.005,1,.971,.275,.321,0,0
87,12,Dennis Smith\smithde03,22,31,480,.335,12.9,.725,.324,.121,.088,.192,.275,.348,.525,.227,.250,.171,.300,.152,.038,6,.533,.120,.333,0,0
88,13,Wayne Ellington\ellinwa01,32,28,429,.358,22.8,.201,.052,.030,.007,.112,.799,.407,.857,.000,1.000,.267,.346,.636,.000,0,.946,.093,.700,0,0
89,14,Allonzo Trier\trieral01,24,20,246,.435,18.2,.459,.188,.059,.082,.129,.541,.564,.625,.200,.714,.545,.326,.227,.059,4,.733,.130,.500,0,0
90,15,Kadeem Allen\allenka01,27,10,117,.432,15.1,.636,.159,.182,.227,.068,.364,.500,.571,.375,.600,.333,.313,.286,.000,0,.800,.313,.400,0,0
91,16,Ignas Brazdeikis\brazdig01,21,9,53,.273,15.7,.591,.273,.136,.045,.136,.409,.385,.833,.000,.000,.000,.111,.200,.000,0,1.000,.111,.000,0,0
92,17,Maurice Harkless\harklma01,26,2,42,.375,15.8,.500,.250,.125,.000,.125,.500,.500,.500,.000,,1.000,.250,.500,.000,0,1.000,.500,.000,0,0
93,1,Nikola Jokić\jokicni01,24,57,1854,.527,12.8,.761,.228,.276,.139,.118,.239,.590,.735,.603,.467,.423,.329,.513,.016,14,.855,.029,.500,2,0
94,2,Will Barton\bartowi01,29,50,1656,.445,14.2,.629,.281,.187,.085,.077,.371,.484,.598,.319,.407,.551,.380,.371,.036,22,.689,.118,.500,0,0
95,3,Gary Harris\harriga01,25,48,1537,.398,14.8,.584,.263,.153,.088,.081,.416,.464,.650,.243,.275,.486,.305,.758,.050,22,.897,.263,.420,1,0
96,4,Jamal Murray\murraja01,22,47,1528,.457,16.2,.654,.187,.140,.139,.187,.346,.520,.669,.451,.455,.471,.339,.474,.040,25,.647,.088,.318,2,0
97,5,Jerami Grant\grantje01,25,56,1465,.465,13.9,.602,.306,.171,.060,.065,.398,.516,.687,.366,.379,.226,.387,.758,.108,48,1.000,.272,.346,1,0
98,6,Monte Morris\morrimo01,24,57,1214,.461,14.4,.710,.190,.199,.157,.164,.290,.492,.741,.318,.373,.529,.387,.369,.002,1,.854,.387,.396,0,0
99,7,Paul Millsap\millspa01,34,37,908,.485,12.4,.719,.315,.256,.096,.052,.281,.498,.696,.289,.452,.412,.451,.629,.049,13,1.000,.275,.400,0,0
100,8,Torrey Craig\craigto01,29,44,785,.450,15.7,.478,.317,.089,.033,.039,.522,.593,.719,.375,.167,.429,.319,.667,.050,7,.967,.383,.306,2,0
101,9,Mason Plumlee\plumlma01,29,45,778,.613,5.9,.982,.659,.212,.060,.051,.018,.624,.783,.326,.231,.273,.000,.714,.332,67,,.500,.000,0,0
102,10,Malik Beasley\beaslma01,23,41,746,.389,18.0,.465,.143,.130,.103,.090,.535,.421,.581,.231,.452,.407,.360,.644,.023,5,.966,.193,.419,1,0
103,11,Michael Porter\portemi01,21,41,573,.502,13.2,.636,.336,.146,.049,.105,.364,.548,.711,.333,.250,.462,.422,.605,.117,24,.816,.222,.500,1,0
104,12,Juan Hernangómez\hernaju01,24,34,422,.345,15.5,.455,.318,.091,.036,.009,.545,.460,.543,.200,.500,.000,.250,.609,.091,7,1.000,.250,.333,1,0
105,13,PJ Dozier\doziepj01,23,16,224,.405,14.3,.690,.238,.190,.155,.107,.310,.466,.650,.250,.385,.556,.269,.519,.012,1,.571,.115,.000,3,0
106,14,Jarred Vanderbilt\vandeja01,20,9,41,.714,1.3,1.000,1.000,.000,.000,.000,.000,.714,.714,,,,,.600,.286,2,,,,0,0
107,15,Vlatko Čančar\cancavl01,22,11,38,.455,14.5,.545,.364,.091,.000,.091,.455,.667,.750,1.000,,.000,.200,.750,.182,2,1.000,.000,,0,0
108,16,Jordan McRae\mcraejo01,28,3,27,.400,19.6,.200,.200,.000,.000,.000,.800,.000,.000,,,,.500,,.000,0,1.000,.250,.000,0,0
109,17,Keita Bates-Diop\bateske01,24,2,19,1.000,1.0,1.000,1.000,.000,.000,.000,.000,1.000,1.000,,,,,1.000,.000,0,,,,0,0
110,18,Noah Vonleh\vonleno01,24,2,14,1.000,12.0,.500,.500,.000,.000,.000,.500,1.000,1.000,,,,1.000,.000,.000,0,1.000,1.000,1.000,0,0
111,1,Donovan Mitchell\mitchdo01,23,55,1892,.457,14.5,.661,.171,.232,.142,.116,.339,.506,.611,.438,.500,.496,.360,.215,.025,20,.591,.114,.333,3,0
112,2,Rudy Gobert\goberru01,27,54,1869,.688,2.1,1.000,.828,.166,.006,.000,.000,.688,.751,.403,.000,,,.728,.428,184,,,,0,0
113,3,Bojan Bogdanović\bogdabo02,30,55,1831,.449,15.5,.509,.195,.206,.077,.031,.491,.475,.685,.363,.328,.269,.422,.512,.029,20,.866,.272,.486,0,0
114,4,Joe Ingles\inglejo01,32,56,1688,.432,18.0,.379,.142,.171,.047,.020,.621,.497,.703,.351,.476,.333,.393,.353,.004,2,.618,.164,.370,1,0
115,5,Royce O'Neale\onealro01,26,56,1624,.445,17.5,.375,.235,.114,.007,.018,.625,.520,.625,.355,.000,.400,.400,.906,.059,13,1.000,.341,.397,4,0
116,6,Mike Conley\conlemi01,32,33,927,.390,15.7,.585,.144,.210,.152,.078,.415,.416,.561,.361,.333,.452,.354,.229,.000,0,.586,.189,.387,2,1
117,7,Emmanuel Mudiay\mudiaem01,23,46,742,.472,12.3,.736,.271,.194,.208,.063,.264,.512,.571,.455,.492,.500,.360,.290,.025,4,.704,.307,.304,1,0
118,8,Georges Niang\niangge01,26,50,677,.458,18.8,.311,.116,.133,.044,.018,.689,.543,.769,.533,.200,.000,.419,.447,.004,1,1.000,.400,.484,0,0
119,9,Jordan Clarkson\clarkjo01,27,26,672,.491,15.0,.533,.179,.256,.071,.027,.467,.587,.800,.512,.417,.333,.382,.219,.015,5,.733,.293,.435,0,0
120,10,Jeff Green\greenje02,33,30,553,.385,16.8,.467,.200,.200,.041,.026,.533,.451,.564,.410,.250,.200,.327,.610,.062,8,.941,.375,.410,5,0
121,11,Tony Bradley\bradlto01,22,42,430,.640,2.6,1.000,.752,.224,.016,.008,.000,.640,.723,.393,.500,.000,,.675,.216,22,,,,0,0
122,12,Ed Davis\davised01,30,25,268,.412,3.5,1.000,.618,.353,.000,.029,.000,.412,.571,.083,,1.000,,.500,.059,2,,,,0,0
123,13,Dante Exum\exumda01,24,11,83,.435,9.1,.739,.261,.435,.043,.000,.261,.471,.500,.400,1.000,,.333,.250,.130,2,1.000,.500,.333,0,0
124,14,Rayjon Tucker\tuckera01,22,13,75,.421,11.6,.684,.263,.316,.105,.000,.316,.615,1.000,.333,.500,,.000,.625,.053,1,,.167,.000,0,0
125,15,Juwan Morgan\morgaju01,22,15,68,.563,7.4,.750,.688,.063,.000,.000,.250,.667,.636,1.000,,,.250,.625,.063,0,1.000,.750,.000,0,0
126,16,Nigel Williams-Goss\willini01,25,9,28,.143,15.3,.714,.000,.429,.143,.143,.286,.200,,.333,.000,.000,.000,1.000,.000,0,,.000,,0,0
127,17,Stanton Kidd\kiddst01,27,4,15,.000,11.7,.667,.000,.667,.000,.000,.333,.000,,.000,,,.000,,.000,0,,.000,,0,0
128,18,Jarrell Brantley\brantja01,23,3,11,,,,,,,,,,,,,,,,,0,,,,0,0
129,19,Miye Oni\onimi01,22,3,8,,,,,,,,,,,,,,,,,0,,,,0,0
130,20,Justin Wright-Foreman\wrighju02,22,1,2,,,,,,,,,,,,,,,,,0,,,,0,0
131,1,Shai Gilgeous-Alexander\gilgesh01,21,57,2025,.464,11.1,.765,.285,.280,.129,.071,.235,.500,.608,.415,.459,.475,.347,.267,.020,17,.600,.124,.480,0,0
132,2,Chris Paul\paulch01,34,56,1777,.487,17.2,.645,.065,.126,.313,.141,.355,.554,.848,.506,.527,.520,.365,.134,.000,0,.326,.103,.269,8,0
133,3,Dennis Schröder\schrode01,26,56,1742,.470,14.9,.657,.222,.128,.172,.134,.343,.515,.647,.454,.441,.451,.384,.351,.004,3,.847,.100,.586,4,0
134,4,Danilo Gallinari\gallida01,31,49,1501,.439,18.6,.460,.150,.094,.074,.141,.540,.479,.636,.258,.469,.462,.406,.510,.044,25,.861,.096,.353,1,0
135,5,Steven Adams\adamsst01,26,51,1382,.583,4.4,.993,.513,.405,.075,.000,.008,.584,.751,.377,.567,,.333,.659,.170,63,1.000,.333,.000,1,1
136,6,Terrance Ferguson\fergute01,21,43,1054,.381,20.5,.222,.125,.040,.011,.045,.778,.641,.636,.429,1.000,.750,.307,.920,.028,3,.976,.423,.345,0,0
137,7,Darius Bazley\bazleda01,19,53,909,.383,13.0,.565,.300,.222,.026,.017,.435,.446,.623,.216,.333,.500,.300,.638,.100,20,.967,.430,.326,0,0
138,8,Nerlens Noel\noelne01,25,48,891,.680,5.2,.987,.614,.184,.123,.066,.013,.684,.857,.524,.286,.267,.333,.831,.443,94,1.000,.333,1.000,1,0
139,9,Abdel Nader\naderab01,26,41,627,.470,15.0,.508,.260,.166,.039,.044,.492,.576,.745,.433,.429,.250,.360,.698,.033,6,.969,.315,.321,0,0
140,10,Hamidou Diallo\diallha01,21,33,621,.455,7.7,.848,.470,.263,.071,.045,.152,.506,.688,.231,.357,.444,.167,.682,.146,25,.800,.767,.217,0,0
141,11,Mike Muscala\muscami01,28,38,468,.413,20.7,.247,.147,.020,.060,.020,.753,.568,.682,.333,.222,1.000,.363,.857,.020,3,1.000,.168,.368,0,0
142,12,Luguentz Dort\dortlu01,20,22,462,.436,13.4,.521,.350,.145,.026,.000,.479,.541,.707,.235,.000,,.321,.606,.085,9,1.000,.464,.308,0,0
143,13,Deonte Burton\burtode02,26,31,258,.368,14.3,.579,.326,.179,.021,.053,.421,.491,.677,.235,.000,.400,.200,.778,.042,4,.875,.225,.111,2,0
144,14,Justin Patton\pattoju01,22,5,24,.400,13.5,.600,.200,.300,.000,.100,.400,.500,.500,.667,,.000,.250,1.000,.100,1,1.000,.500,.000,0,0
145,15,Devon Hall\hallde01,24,5,20,.200,12.6,.600,.400,.200,.000,.000,.400,.333,.500,.000,,,.000,.000,.000,0,,.000,,0,0
146,16,Kevin Hervey\herveke01,23,6,13,.000,22.2,.200,.000,.000,.200,.000,.800,.000,,,.000,,.000,,.000,0,,.250,.000,0,0
147,17,Isaiah Roby\robyis01,21,2,5,.000,4.0,1.000,.000,1.000,.000,.000,.000,.000,,.000,,,,,.000,0,,,,0,0
148,1,Damian Lillard\lillada01,29,54,1996,.460,16.5,.511,.302,.074,.064,.070,.489,.524,.613,.280,.423,.494,.393,.088,.015,14,.274,.033,.389,2,0
149,2,CJ McCollum\mccolcj01,28,54,1937,.448,15.4,.629,.172,.162,.146,.148,.371,.484,.575,.381,.467,.506,.387,.209,.005,3,.685,.153,.559,0,0
150,3,Hassan Whiteside\whiteha01,30,53,1640,.610,5.1,.993,.544,.273,.103,.073,.007,.611,.723,.526,.356,.452,.500,.651,.180,99,1.000,.000,,0,0
151,4,Carmelo Anthony\anthoca01,35,42,1369,.419,14.5,.708,.200,.097,.228,.183,.292,.444,.525,.456,.410,.389,.360,.427,.031,12,.919,.180,.516,1,0
152,5,Anfernee Simons\simonan01,20,57,1265,.406,15.7,.582,.208,.136,.136,.102,.418,.456,.582,.375,.359,.438,.335,.352,.025,11,.682,.178,.371,1,0
153,6,Kent Bazemore\bazemke01,30,43,1111,.347,16.8,.475,.212,.104,.083,.077,.525,.368,.464,.235,.259,.400,.327,.404,.015,5,.946,.433,.297,4,0
154,7,Gary Trent\trentga02,21,45,838,.429,19.1,.391,.102,.090,.109,.090,.609,.462,.593,.333,.379,.542,.407,.417,.015,4,.818,.284,.370,1,0
155,8,Mario Hezonja\hezonma01,24,40,645,.385,12.5,.660,.353,.167,.077,.064,.340,.437,.473,.500,.333,.200,.283,.533,.051,6,1.000,.189,.200,1,0
156,9,Rodney Hood\hoodro01,27,21,619,.506,16.2,.587,.116,.163,.186,.122,.413,.515,.800,.286,.500,.571,.493,.308,.023,4,.886,.366,.538,0,0
157,10,Skal Labissière\labissk01,23,33,567,.551,8.3,.912,.374,.279,.177,.082,.088,.582,.673,.463,.615,.500,.231,.731,.197,27,1.000,.154,.000,0,0
158,11,Anthony Tolliver\tollian01,34,33,554,.368,20.3,.239,.154,.060,.009,.017,.761,.464,.444,.429,1.000,.500,.337,.846,.017,2,.967,.258,.435,0,0
159,12,Nassir Little\littlna01,19,41,520,.434,11.7,.603,.397,.154,.037,.015,.397,.549,.648,.429,.200,.000,.259,.711,.132,15,1.000,.426,.174,0,0
160,13,Trevor Ariza\arizatr01,34,13,418,.511,12.4,.543,.435,.087,.022,.000,.457,.620,.725,.250,.000,,.381,.774,.120,8,.813,.357,.400,0,0
161,14,Caleb Swanigan\swanica01,22,12,185,.529,5.4,.941,.618,.176,.118,.029,.059,.563,.667,.333,.250,1.000,.000,.889,.029,1,,.500,.000,0,0
162,15,Jaylen Hoard\hoardja01,20,13,103,.469,5.6,.906,.625,.156,.094,.031,.094,.517,.750,.000,.000,.000,.000,.467,.031,1,,.000,,0,0
163,16,Zach Collins\colliza01,22,3,86,.474,12.9,.632,.368,.105,.105,.053,.368,.500,.714,.000,.500,.000,.429,.833,.053,1,1.000,.143,.000,0,0
164,17,Wenyen Gabriel\gabriwe01,22,9,84,.412,9.5,.706,.529,.118,.059,.000,.294,.500,.556,.000,1.000,,.200,.500,.176,2,1.000,.400,.500,0,0
165,18,Moses Brown\brownmo01,20,9,33,.400,2.0,1.000,.800,.200,.000,.000,.000,.400,.375,.500,,,,.750,.200,1,,,,0,0
166,1,Andrew Wiggins\wiggian01,24,42,1455,.444,13.8,.652,.252,.214,.101,.085,.348,.505,.683,.456,.288,.358,.331,.365,.028,20,.736,.135,.270,0,0
167,2,Robert Covington\covinro01,29,48,1411,.435,18.2,.371,.232,.097,.018,.024,.629,.587,.661,.479,.444,.417,.346,.769,.016,7,.889,.093,.379,3,0
168,3,Jarrett Culver\culveja01,20,54,1315,.390,12.4,.606,.376,.184,.030,.016,.394,.460,.575,.242,.467,.250,.282,.370,.063,28,.800,.185,.194,1,0
169,4,Josh Okogie\okogijo01,21,53,1299,.417,12.0,.609,.394,.178,.032,.006,.391,.524,.642,.323,.273,.000,.250,.577,.089,27,.941,.301,.366,0,0
170,5,Karl-Anthony Towns\townska01,24,35,1187,.508,14.0,.555,.328,.148,.032,.047,.445,.586,.721,.457,.250,.276,.412,.505,.064,38,.816,.101,.429,0,0
171,6,Jeff Teague\teaguje01,31,34,945,.448,11.8,.731,.296,.309,.099,.028,.269,.473,.531,.430,.406,.556,.379,.134,.003,1,.424,.080,.286,0,0
172,7,Shabazz Napier\napiesh01,28,36,856,.403,17.8,.438,.230,.067,.085,.057,.562,.540,.662,.316,.333,.625,.296,.194,.000,0,.511,.113,.222,0,0
173,8,Gorgui Dieng\dienggo01,30,46,778,.448,15.0,.567,.300,.087,.069,.112,.433,.497,.602,.292,.421,.419,.383,.692,.065,15,.978,.242,.448,0,0
174,9,Treveon Graham\grahatr01,26,33,663,.354,13.9,.526,.297,.206,.023,.000,.474,.457,.481,.389,.750,,.241,.619,.000,0,.950,.253,.238,0,0
175,10,Keita Bates-Diop\bateske01,24,37,646,.422,13.4,.544,.354,.136,.039,.015,.456,.500,.644,.250,.125,.333,.330,.661,.039,8,.968,.404,.421,0,0
176,11,Kelan Martin\martike03,24,24,416,.380,16.6,.473,.160,.167,.100,.047,.527,.507,.708,.400,.600,.000,.266,.722,.020,3,.857,.380,.333,0,0
177,12,Jordan McLaughlin\mclaujo01,23,21,410,.460,14.2,.548,.317,.198,.024,.008,.452,.522,.550,.440,1.000,.000,.386,.278,.040,5,.773,.105,.333,3,0
178,13,Jake Layman\laymaja01,25,14,369,.462,14.7,.591,.356,.106,.038,.091,.409,.538,.596,.286,.600,.583,.352,.810,.053,7,.947,.222,.333,0,0
179,14,Noah Vonleh\vonleno01,24,29,347,.547,8.1,.837,.512,.302,.000,.023,.163,.625,.705,.538,,.000,.143,.556,.174,13,1.000,.143,.000,0,0
180,15,Naz Reid\reidna01,20,21,270,.423,14.0,.530,.309,.201,.020,.000,.470,.481,.630,.300,.000,,.357,.605,.060,7,.920,.171,.500,0,0
181,16,Jordan Bell\belljo01,25,27,235,.533,6.1,.850,.683,.117,.050,.000,.150,.588,.634,.571,.000,,.222,.733,.150,8,.500,.556,.400,0,0
182,17,Malik Beasley\beaslma01,23,5,168,.460,16.8,.471,.172,.138,.092,.069,.529,.488,.600,.500,.500,.167,.435,.800,.057,4,.850,.152,.286,0,0
183,18,Juan Hernangómez\hernaju01,24,5,143,.407,12.3,.574,.426,.130,.019,.000,.426,.355,.435,.143,.000,,.478,.545,.019,1,.909,.304,.429,0,0
184,19,Allen Crabbe\crabbal01,27,9,131,.324,21.2,.235,.088,.059,.029,.059,.765,.625,1.000,.500,1.000,.000,.231,1.000,.000,0,1.000,.423,.364,0,0
185,20,James Johnson\johnsja01,32,5,128,.405,13.9,.571,.405,.095,.048,.024,.429,.417,.588,.000,.000,.000,.389,.500,.000,0,.857,.167,.333,1,0
186,21,Jaylen Nowell\nowelja01,20,10,117,.364,15.2,.477,.273,.136,.045,.023,.523,.619,.583,.667,.500,1.000,.130,.538,.045,2,.667,.348,.125,0,0
187,22,D'Angelo Russell\russeda01,23,3,101,.412,18.8,.490,.098,.098,.157,.137,.510,.480,.600,.600,.625,.143,.346,.000,.000,0,.333,.115,.000,0,0
188,23,Jarred Vanderbilt\vandeja01,20,2,5,.000,24.0,.000,.000,.000,.000,.000,1.000,,,,,,.000,,.000,0,,1.000,.000,0,0
189,24,Jacob Evans\evansja02,22,1,1,,,,,,,,,,,,,,,,,0,,,,0,0
190,1,Giannis Antetokounmpo\antetgi01,25,50,1543,.552,9.7,.760,.488,.160,.067,.046,.240,.629,.767,.338,.433,.457,.311,.438,.165,152,.573,.029,.286,0,0
191,2,Khris Middleton\middlkh01,28,49,1453,.508,16.5,.629,.131,.129,.204,.166,.371,.546,.688,.447,.537,.521,.443,.398,.014,10,.725,.148,.525,0,0
192,3,Brook Lopez\lopezbr01,31,54,1441,.428,16.1,.491,.218,.178,.083,.012,.509,.568,.704,.420,.512,.667,.294,.667,.067,30,1.000,.159,.325,0,0
193,4,Wesley Matthews\matthwe02,33,53,1302,.407,19.8,.307,.137,.079,.052,.040,.693,.485,.689,.308,.412,.231,.373,.653,.006,2,.929,.281,.406,0,0
194,5,Eric Bledsoe\bledser01,30,48,1300,.482,12.0,.697,.341,.192,.095,.068,.303,.542,.711,.360,.418,.385,.343,.303,.003,2,.450,.126,.273,0,0
195,6,Donte DiVincenzo\divindo01,23,51,1162,.455,15.3,.519,.355,.069,.046,.049,.481,.559,.652,.185,.444,.526,.342,.531,.041,15,.797,.139,.269,3,0
196,7,George Hill\hillge01,33,46,969,.538,14.7,.545,.314,.114,.055,.062,.455,.563,.747,.212,.313,.500,.508,.472,.031,9,.627,.235,.548,1,0
197,8,Pat Connaughton\connapa01,27,52,948,.452,14.9,.489,.385,.068,.014,.023,.511,.593,.706,.267,.000,.000,.319,.734,.113,24,.944,.106,.417,0,0
198,9,Ersan İlyasova\ilyaser01,32,51,823,.472,13.6,.582,.316,.170,.053,.043,.418,.543,.652,.333,.533,.583,.373,.787,.011,3,.977,.254,.300,0,0
199,10,Kyle Korver\korveky01,38,47,782,.418,23.1,.203,.042,.021,.038,.101,.797,.458,.400,.200,.556,.500,.407,.773,.000,0,.974,.249,.426,0,0
200,11,Robin Lopez\lopezro01,31,52,717,.502,11.7,.661,.253,.356,.043,.009,.339,.610,.695,.530,.700,1.000,.291,.585,.039,8,1.000,.481,.342,0,0
201,12,Sterling Brown\brownst02,24,39,565,.378,15.9,.486,.238,.135,.049,.065,.514,.433,.568,.320,.556,.083,.326,.487,.027,4,.903,.326,.452,0,0
202,13,D.J. Wilson\wilsodj01,23,28,243,.405,16.7,.452,.238,.107,.060,.048,.548,.605,.800,.333,.200,.750,.239,.870,.155,10,.909,.196,.667,0,0
203,14,Dragan Bender\bendedr01,22,7,91,.476,11.7,.571,.476,.095,.000,.000,.429,.500,.600,.000,,,.444,1.000,.143,3,1.000,.556,.600,0,0
204,15,Thanasis Antetokounmpo\antetth01,27,15,61,.565,5.4,.870,.783,.043,.043,.000,.130,.650,.667,.000,1.000,,.000,.615,.304,7,,.000,,0,0
205,16,Marvin Williams\willima02,33,3,48,.500,19.5,.300,.200,.000,.100,.000,.700,1.000,1.000,,1.000,,.286,.667,.000,0,1.000,.286,.000,0,0
206,17,Frank Mason\masonfr01,25,4,18,.143,18.4,.429,.286,.000,.000,.143,.571,.000,.000,,,.000,.250,,.000,0,1.000,.250,.000,0,0
207,1,Domantas Sabonis\sabondo01,23,54,1867,.536,7.3,.921,.506,.228,.049,.138,.079,.563,.682,.377,.389,.495,.224,.655,.061,43,1.000,.086,.200,0,0
208,2,T.J. Warren\warretj01,26,54,1743,.524,12.0,.786,.256,.181,.239,.109,.214,.567,.764,.435,.500,.470,.368,.625,.037,28,.933,.491,.388,0,0
209,3,Justin Holiday\holidju01,30,57,1447,.434,19.1,.330,.184,.051,.043,.053,.670,.460,.580,.211,.375,.350,.421,.807,.059,17,.972,.397,.430,3,0
210,4,Myles Turner\turnemy01,23,47,1367,.447,16.0,.546,.207,.145,.108,.085,.454,.540,.689,.524,.532,.216,.335,.742,.055,21,1.000,.168,.303,1,0
211,5,Malcolm Brogdon\brogdma01,27,43,1327,.430,13.9,.695,.328,.084,.099,.184,.305,.484,.526,.280,.559,.464,.308,.204,.010,6,.393,.077,.214,0,0
212,6,Jeremy Lamb\lambje01,27,46,1291,.451,15.1,.670,.194,.146,.146,.184,.330,.508,.624,.457,.543,.398,.335,.368,.010,5,.755,.165,.346,1,0
213,7,Doug McDermott\mcderdo01,28,57,1167,.488,17.1,.455,.255,.073,.037,.090,.545,.541,.664,.545,.294,.293,.444,.857,.022,7,1.000,.246,.426,0,0
214,8,Aaron Holiday\holidaa01,23,50,1149,.415,15.3,.589,.225,.163,.087,.114,.411,.420,.554,.342,.256,.392,.408,.270,.007,2,.813,.163,.433,0,0
215,9,T.J. McConnell\mccontj01,27,55,1039,.520,8.9,.959,.320,.238,.270,.132,.041,.529,.588,.618,.488,.310,.308,.241,.000,0,1.000,.462,.167,1,0
216,10,Goga Bitadze\bitadgo01,20,43,371,.482,12.6,.768,.277,.170,.161,.161,.232,.581,.774,.526,.333,.556,.154,.860,.098,11,1.000,.115,.333,1,0
217,11,Edmond Sumner\sumneed01,24,20,268,.438,11.0,.675,.375,.250,.050,.000,.325,.500,.733,.250,.000,,.308,.593,.050,4,1.000,.231,.667,0,0
218,12,JaKarr Sampson\sampsja02,26,19,256,.574,8.0,.803,.525,.148,.115,.016,.197,.673,.719,.667,.429,1.000,.167,.848,.180,11,1.000,.750,.111,0,0
219,13,Victor Oladipo\oladivi01,27,8,200,.333,17.2,.527,.247,.086,.097,.097,.473,.408,.435,.625,.000,.556,.250,.500,.022,2,.455,.114,.000,0,0
220,14,T.J. Leaf\leaftj01,22,23,185,.418,8.5,.791,.493,.224,.060,.015,.209,.434,.545,.333,.000,.000,.357,.609,.075,5,1.000,.286,.500,0,0
221,15,Alize Johnson\johnsal02,23,12,50,.467,4.3,1.000,.533,.333,.133,.000,.000,.467,.750,.200,.000,,,.571,.000,0,,,,0,0
222,16,Naz Mitrou-Long\mitrona01,26,3,43,.375,21.6,.313,.063,.063,.188,.000,.688,.800,1.000,.000,1.000,,.182,.250,.000,0,1.000,.182,.500,1,0
223,17,Brian Bowen\bowenbr02,21,3,10,.250,11.8,.750,.250,.250,.250,.000,.250,.333,.000,1.000,.000,,.000,1.000,.000,0,,1.000,.000,0,0
224,1,Zach LaVine\lavinza01,24,58,2009,.448,14.4,.594,.370,.085,.048,.090,.406,.493,.622,.186,.218,.398,.382,.402,.076,83,.554,.168,.500,2,0
225,2,Tomáš Satoranský\satorto01,28,58,1671,.441,13.2,.627,.282,.206,.096,.043,.373,.502,.594,.436,.468,.286,.339,.338,.033,14,.903,.284,.385,0,0
226,3,Coby White\whiteco01,19,58,1435,.380,16.2,.515,.259,.104,.054,.098,.485,.411,.515,.309,.400,.250,.347,.283,.012,4,.782,.142,.333,1,0
227,4,Lauri Markkanen\markkla01,22,46,1395,.424,16.3,.465,.273,.145,.027,.020,.535,.516,.653,.338,.267,.273,.344,.538,.098,44,.990,.143,.381,1,0
228,5,Thaddeus Young\youngth01,31,57,1393,.449,11.9,.636,.331,.254,.019,.032,.364,.497,.594,.418,.100,.353,.365,.587,.049,23,.929,.443,.353,2,0
229,6,Kris Dunn\dunnkr01,25,51,1269,.444,11.8,.673,.395,.184,.056,.038,.327,.535,.644,.444,.263,.231,.259,.423,.023,8,.966,.259,.276,1,0
230,7,Wendell Carter\cartewe01,20,37,1109,.537,5.9,.909,.579,.207,.084,.039,.091,.569,.704,.281,.500,.250,.214,.669,.256,71,1.000,.429,.167,0,0
231,8,Ryan Arcidiacono\arcidry01,25,54,849,.396,18.8,.356,.149,.099,.089,.020,.644,.417,.567,.250,.333,.500,.385,.533,.000,0,.880,.300,.462,0,0
232,9,Luke Kornet\kornelu01,24,36,559,.439,17.5,.422,.283,.102,.021,.016,.578,.646,.755,.474,.500,.000,.287,.863,.134,23,1.000,.213,.174,0,0
233,10,Chandler Hutchison\hutchch01,23,28,527,.457,8.4,.783,.509,.229,.040,.006,.217,.496,.607,.300,.286,.000,.316,.618,.137,20,1.000,.553,.381,0,0
234,11,Daniel Gafford\gaffoda01,21,36,483,.685,4.7,1.000,.793,.162,.009,.036,.000,.685,.750,.389,.000,.750,,.671,.441,43,,,,0,0
235,12,Denzel Valentine\valende01,26,30,366,.402,20.1,.384,.049,.134,.122,.079,.616,.476,.500,.273,.600,.615,.356,.433,.000,0,.778,.158,.438,1,0
236,13,Cristiano Felício\feliccr01,27,18,337,.638,3.5,.957,.681,.213,.043,.021,.043,.667,.750,.500,.500,.000,.000,.500,.149,6,,.000,,0,0
237,14,Shaquille Harrison\harrish01,26,36,305,.446,8.6,.768,.536,.161,.054,.018,.232,.500,.567,.278,.667,.000,.269,.558,.036,4,.714,.308,.125,1,0
238,15,Otto Porter\porteot01,26,9,226,.417,15.9,.524,.202,.155,.095,.071,.476,.432,.412,.692,.125,.333,.400,.211,.012,1,.875,.250,.500,0,0
239,16,Adam Mokoka\mokokad01,21,8,57,.368,12.8,.526,.474,.000,.000,.053,.474,.400,.444,,,.000,.333,.500,.000,0,1.000,.556,.400,0,0
240,17,Max Strus\strusma01,23,2,6,.667,9.0,.667,.667,.000,.000,.000,.333,1.000,1.000,,,,.000,.500,.000,0,,.000,,0,0
241,1,Andre Drummond\drumman01,26,49,1654,.530,4.2,.969,.580,.355,.028,.006,.031,.546,.665,.390,.158,.000,.048,.568,.135,81,1.000,.143,.000,2,0
242,2,Bruce Brown\brownbr01,23,56,1572,.443,9.0,.785,.386,.347,.037,.014,.215,.472,.600,.358,.250,.333,.337,.373,.056,20,1.000,.609,.411,0,0
243,3,Langston Galloway\gallola01,28,59,1528,.435,18.9,.382,.103,.134,.078,.067,.618,.495,.653,.422,.459,.438,.398,.733,.002,1,1.000,.395,.552,1,0
244,4,Tony Snell\snellto01,28,52,1420,.452,20.1,.327,.092,.116,.068,.051,.673,.536,.710,.513,.348,.529,.412,.627,.027,9,.903,.376,.435,1,0
245,5,Derrick Rose\rosede01,31,47,1231,.486,11.7,.801,.290,.259,.141,.111,.199,.533,.665,.451,.470,.456,.298,.172,.003,2,.643,.113,.438,1,0
246,6,Sviatoslav Mykhailiuk\mykhasv01,22,49,1081,.428,20.0,.295,.172,.093,.015,.015,.705,.459,.614,.194,.400,.400,.415,.489,.027,8,.948,.226,.472,2,1
247,7,Christian Wood\woodch01,24,55,1071,.562,11.4,.712,.407,.219,.033,.053,.288,.636,.800,.419,.308,.476,.381,.702,.247,89,.907,.283,.375,0,0
248,8,Markieff Morris\morrima02,30,44,988,.450,16.7,.514,.193,.152,.129,.041,.486,.500,.680,.458,.320,.375,.397,.630,.041,15,1.000,.286,.426,3,0
249,9,Luke Kennard\kennalu01,23,28,922,.442,18.2,.465,.126,.117,.111,.111,.535,.491,.721,.425,.342,.447,.399,.474,.003,1,.808,.186,.353,0,0
250,10,Thon Maker\makerth01,22,54,696,.506,14.3,.655,.310,.208,.065,.071,.345,.591,.712,.429,.455,.667,.345,.738,.161,24,1.000,.466,.370,0,0
251,11,Sekou Doumbouya\doumbse01,19,31,629,.395,14.5,.570,.310,.195,.025,.040,.430,.465,.532,.410,.200,.375,.302,.736,.080,14,.923,.349,.267,0,0
252,12,Blake Griffin\griffbl01,30,18,512,.352,13.8,.556,.276,.212,.036,.032,.444,.439,.565,.358,.222,.125,.243,.393,.020,5,.593,.216,.167,0,0
253,13,Reggie Jackson\jacksre01,29,14,381,.384,15.3,.586,.162,.237,.126,.061,.414,.388,.531,.362,.320,.250,.378,.111,.010,2,.548,.122,.400,0,0
254,14,Tim Frazier\fraziti01,29,27,355,.362,15.2,.681,.149,.213,.106,.213,.319,.375,.571,.350,.300,.300,.333,.292,.000,0,.700,.167,.600,0,0
255,15,John Henson\hensojo01,29,5,78,.714,4.5,.952,.524,.429,.000,.000,.048,.750,.909,.556,,,.000,.667,.048,1,,1.000,.000,0,0
256,16,Louis King\kinglo02,20,10,62,.381,16.4,.476,.143,.190,.143,.000,.524,.400,.333,.750,.000,,.364,.000,.048,1,1.000,.364,.750,0,0
257,17,Jordan Bone\bonejo01,22,10,53,.250,17.8,.500,.050,.150,.250,.050,.500,.300,1.000,.000,.400,.000,.200,.667,.000,0,.500,.000,,0,0
258,18,Brandon Knight\knighbr03,28,3,45,.333,25.3,.067,.000,.000,.067,.000,.933,1.000,,,1.000,,.286,.000,.000,0,1.000,.000,,0,0
259,19,Khyri Thomas\thomakh01,23,2,6,,,,,,,,,,,,,,,,,0,,,,0,0
260,1,Collin Sexton\sextoco01,21,56,1805,.458,11.0,.772,.327,.224,.155,.066,.228,.485,.596,.382,.434,.410,.367,.254,.018,15,.766,.114,.625,0,0
261,2,Darius Garland\garlada01,20,55,1685,.399,16.3,.564,.173,.150,.151,.090,.436,.433,.446,.443,.429,.397,.355,.266,.000,0,.730,.181,.392,0,0
262,3,Cedi Osman\osmande01,24,56,1628,.445,16.1,.468,.251,.133,.060,.023,.532,.512,.631,.377,.419,.250,.385,.540,.004,2,.896,.215,.390,2,0
263,4,Tristan Thompson\thomptr01,28,52,1583,.518,5.0,.969,.500,.375,.076,.018,.031,.518,.621,.438,.333,.111,.500,.603,.184,86,.625,.063,.000,0,0
264,5,Kevin Love\loveke01,31,47,1461,.456,18.1,.477,.132,.122,.117,.107,.523,.538,.675,.365,.606,.492,.381,.571,.008,3,.926,.138,.477,0,0
265,6,Larry Nance\nancela02,27,47,1182,.524,13.1,.608,.375,.104,.069,.061,.392,.645,.754,.444,.417,.571,.338,.596,.179,56,.978,.265,.417,2,0
266,7,Kevin Porter\porteke02,19,44,979,.451,13.9,.640,.286,.129,.111,.114,.360,.513,.750,.378,.256,.325,.341,.417,.091,31,.791,.206,.462,1,0
267,8,Jordan Clarkson\clarkjo01,27,29,666,.442,15.4,.512,.233,.172,.080,.028,.488,.509,.658,.429,.269,.444,.371,.294,.015,5,.780,.164,.423,0,0
268,9,Matthew Dellavedova\dellama01,29,48,581,.323,17.0,.469,.100,.262,.100,.008,.531,.508,.538,.441,.615,1.000,.159,.258,.000,0,.818,.130,.222,0,0
269,10,Alfonzo McKinnie\mckinal01,27,37,531,.414,12.5,.612,.342,.191,.046,.033,.388,.548,.692,.379,.571,.000,.203,.667,.053,6,1.000,.407,.250,0,0
270,11,John Henson\hensojo01,29,29,412,.508,9.5,.742,.433,.283,.008,.017,.258,.618,.769,.412,1.000,.000,.194,.800,.183,21,1.000,.258,.250,1,0
271,12,Dante Exum\exumda01,24,23,396,.484,11.8,.621,.411,.211,.000,.000,.379,.559,.667,.350,,,.361,.273,.053,5,.769,.278,.200,1,0
272,13,Brandon Knight\knighbr03,28,16,241,.326,21.5,.256,.070,.070,.105,.012,.744,.409,.500,.167,.556,.000,.297,.111,.000,0,.579,.156,.300,0,0
273,14,Ante Žižić\zizican01,23,17,168,.596,3.9,1.000,.519,.365,.096,.019,.000,.596,.667,.526,.600,.000,,.742,.038,1,,,,0,0
274,15,Andre Drummond\drumman01,26,4,98,.537,5.2,.878,.561,.317,.000,.000,.122,.556,.609,.462,,,.400,.600,.122,5,.500,.400,.500,0,0
275,16,Dean Wade\wadede01,23,10,54,.700,8.4,.700,.600,.100,.000,.000,.300,.714,.667,1.000,,,.667,.800,.300,3,1.000,.667,.500,0,0
276,17,Tyler Cook\cookty01,22,11,35,.700,2.9,1.000,.800,.100,.100,.000,.000,.700,.625,1.000,1.000,,,.571,.400,1,,,,0,0
277,18,Matt Mooney\moonema01,22,2,5,.500,18.0,.500,.000,.000,.500,.000,.500,1.000,,,1.000,,.000,1.000,.000,0,,.000,,0,0
278,19,Malik Newman\newmama01,22,1,4,.000,22.0,.500,.000,.000,.000,.500,.500,.000,,,,.000,.000,,.000,0,,.000,,0,0
279,20,Marques Bolden\boldema01,21,1,3,,,,,,,,,,,,,,,,,0,,,,0,0
280,21,J.P. Macura\macurjp01,24,1,1,,,,,,,,,,,,,,,,,0,,,,0,0
281,1,LeBron James\jamesle01,35,53,1850,.490,12.8,.681,.362,.142,.074,.103,.319,.558,.717,.415,.342,.355,.345,.257,.066,66,.482,.058,.421,1,0
282,2,Anthony Davis\davisan02,26,48,1665,.514,10.9,.811,.351,.175,.157,.128,.189,.558,.766,.434,.412,.333,.329,.594,.167,133,1.000,.171,.429,2,0
283,3,Kentavious Caldwell-Pope\caldwke01,26,55,1396,.468,16.2,.520,.233,.078,.098,.113,.480,.524,.645,.516,.359,.422,.406,.734,.033,11,.923,.370,.437,1,0
284,4,Danny Green\greenda02,32,54,1347,.419,19.5,.299,.135,.076,.042,.047,.701,.522,.673,.483,.500,.167,.375,.667,.013,4,.970,.394,.415,0,0
285,5,Kyle Kuzma\kuzmaky01,24,46,1137,.434,15.3,.590,.187,.233,.077,.093,.410,.512,.772,.400,.421,.348,.322,.604,.032,14,.923,.208,.595,2,0
286,6,Dwight Howard\howardw01,34,55,1080,.734,2.6,.979,.793,.177,.000,.008,.021,.737,.824,.357,,.500,.600,.620,.451,102,1.000,.200,.000,0,0
287,7,Avery Bradley\bradlav01,29,41,969,.461,16.2,.594,.197,.090,.081,.226,.406,.522,.639,.500,.480,.443,.373,.771,.003,1,.894,.444,.339,0,0
288,8,Alex Caruso\carusal01,25,52,940,.426,13.8,.579,.323,.132,.085,.038,.421,.478,.724,.161,.150,.222,.354,.569,.051,9,.886,.333,.333,0,0
289,9,JaVale McGee\mcgeeja01,32,53,885,.643,3.7,.976,.698,.226,.048,.004,.024,.646,.750,.368,.500,.000,.500,.730,.405,96,.667,.000,,1,0
290,10,Rajon Rondo\rondora01,33,40,836,.430,13.5,.613,.323,.154,.068,.068,.387,.480,.567,.349,.368,.474,.352,.146,.000,0,.684,.194,.381,0,0
291,11,Troy Daniels\danietr01,28,39,446,.392,21.2,.294,.059,.072,.072,.092,.706,.467,.667,.545,.455,.286,.361,.762,.000,0,.974,.287,.419,0,0
292,12,Quinn Cook\cookqu01,26,34,387,.444,15.6,.625,.206,.125,.094,.200,.375,.480,.636,.350,.667,.313,.383,.333,.000,0,.783,.250,.400,0,0
293,13,Jared Dudley\dudleja01,34,37,300,.417,19.3,.313,.167,.083,.000,.063,.688,.267,.125,.500,,.333,.485,1.000,.000,0,1.000,.273,.556,0,0
294,14,Kostas Antetokounmpo\antetko01,22,3,5,,,,,,,,,,,,,,,,,0,,,,0,0
295,15,Talen Horton-Tucker\hortota01,19,2,5,.000,26.0,.000,.000,.000,.000,.000,1.000,,,,,,.000,,.000,0,,.000,,0,0
296,16,Zach Norvell\norveza01,22,2,5,.000,21.0,1.000,.000,.000,.000,1.000,.000,.000,,,,.000,,,.000,0,,,,0,0
297,1,Lou Williams\willilo02,33,53,1593,.413,14.8,.670,.189,.184,.148,.149,.330,.444,.561,.430,.355,.402,.351,.201,.006,3,.621,.225,.328,1,0
298,2,Montrezl Harrell\harremo01,26,55,1561,.576,4.1,.978,.610,.304,.047,.018,.022,.589,.697,.446,.294,.077,.000,.610,.170,119,,.000,,4,0
299,3,Kawhi Leonard\leonaka01,28,43,1400,.462,14.3,.723,.166,.188,.233,.135,.277,.494,.673,.428,.442,.454,.380,.295,.057,44,.677,.045,.636,0,0
300,4,Landry Shamet\shamela01,22,39,1145,.430,20.9,.239,.117,.042,.045,.036,.761,.514,.722,.154,.571,.182,.404,.579,.010,1,.968,.272,.422,0,0
301,5,Maurice Harkless\harklma01,26,50,1141,.516,10.0,.664,.535,.097,.009,.023,.336,.590,.664,.286,.500,.200,.370,.647,.226,40,.963,.603,.432,0,0
302,6,Patrick Beverley\beverpa01,31,40,1121,.430,17.1,.395,.206,.137,.038,.014,.605,.530,.617,.500,.273,.250,.364,.311,.007,1,.969,.313,.400,0,0
303,7,Paul George\georgpa01,29,34,1001,.426,17.8,.505,.147,.116,.109,.133,.495,.458,.679,.379,.339,.382,.394,.341,.014,8,.676,.142,.600,2,0
304,8,Ivica Zubac\zubaciv01,22,56,1000,.596,3.6,.993,.672,.242,.040,.040,.007,.600,.670,.397,.500,.750,.000,.728,.258,74,,.000,,0,0
305,9,JaMychal Green\greenja01,29,47,971,.398,18.2,.324,.216,.089,.008,.012,.676,.488,.625,.217,.000,.333,.354,.561,.039,10,1.000,.211,.378,0,0
306,10,Rodney McGruder\mcgruro01,28,44,709,.381,15.2,.490,.184,.245,.054,.007,.510,.500,.630,.417,.500,.000,.267,.722,.014,2,1.000,.467,.200,0,0
307,11,Patrick Patterson\pattepa01,30,46,578,.399,20.5,.247,.118,.056,.034,.039,.753,.477,.524,.500,.500,.286,.373,.810,.051,7,1.000,.381,.412,1,0
308,12,Jerome Robinson\robinje01,22,42,476,.338,17.4,.507,.140,.125,.118,.125,.493,.391,.632,.176,.500,.235,.284,.407,.022,2,.895,.269,.111,0,0
309,13,Terance Mann\mannte01,23,35,271,.407,9.9,.778,.333,.241,.167,.037,.222,.452,.722,.308,.222,.000,.250,.263,.056,3,1.000,.667,.250,0,0
310,14,Derrick Walton\waltode01,24,23,222,.472,20.1,.417,.083,.000,.167,.167,.583,.533,.667,,.500,.500,.429,.250,.000,0,1.000,.238,.200,0,0
311,15,Marcus Morris\morrima03,30,4,131,.415,17.2,.561,.122,.098,.195,.146,.439,.522,.400,.250,.750,.500,.278,.417,.024,1,.800,.167,.000,0,0
312,16,Amir Coffey\coffeam01,22,7,67,.450,10.6,.750,.400,.150,.200,.000,.250,.533,.500,.333,.750,,.200,.625,.000,0,1.000,.400,.000,0,0
313,17,Mfiondu Kabengele\kabenmf01,22,12,64,.438,18.0,.375,.188,.125,.063,.000,.625,.417,.833,.000,.000,,.450,.800,.125,4,.778,.200,.750,0,0
314,18,Johnathan Motley\motlejo01,24,13,41,.733,3.8,.933,.733,.200,.000,.000,.067,.714,.909,.000,,,1.000,.700,.200,3,1.000,.000,,0,0
315,19,Reggie Jackson\jacksre01,29,1,23,.333,19.8,.333,.000,.333,.000,.000,.667,.333,,.333,,,.333,1.000,.000,0,1.000,.000,,0,0
316,1,Devin Booker\bookede01,23,54,1938,.494,14.0,.694,.236,.130,.211,.118,.306,.553,.747,.452,.473,.417,.360,.445,.017,17,.636,.094,.286,0,0
317,2,Kelly Oubre\oubreke01,24,55,1895,.450,12.8,.626,.333,.162,.084,.047,.374,.509,.583,.386,.426,.553,.352,.564,.098,66,.953,.283,.326,1,0
318,3,Ricky Rubio\rubiori01,29,49,1535,.402,13.8,.697,.253,.132,.134,.178,.303,.431,.530,.290,.486,.355,.335,.306,.000,0,.868,.285,.400,0,0
319,4,Mikal Bridges\bridgmi01,23,57,1466,.503,12.0,.633,.414,.118,.071,.030,.367,.603,.721,.350,.333,.600,.331,.752,.118,34,1.000,.460,.386,1,0
320,5,Dario Šarić\saricda01,25,50,1213,.441,14.7,.524,.295,.134,.033,.063,.476,.558,.658,.358,.538,.520,.312,.664,.013,5,.983,.196,.189,0,0
321,6,Cameron Johnson\johnsca02,23,44,870,.412,19.4,.306,.158,.042,.053,.053,.694,.460,.622,.167,.333,.333,.391,.675,.025,7,.987,.396,.423,1,0
322,7,Deandre Ayton\aytonde01,21,25,831,.543,6.4,.995,.472,.222,.189,.112,.005,.546,.686,.471,.405,.341,.000,.709,.163,55,,.000,,0,0
323,8,Aron Baynes\baynear01,33,35,780,.493,13.0,.576,.342,.178,.036,.020,.424,.611,.663,.611,.364,.167,.333,.748,.089,25,1.000,.132,.176,0,0
324,9,Frank Kaminsky\kaminfr01,26,32,718,.455,13.3,.599,.283,.208,.068,.039,.401,.527,.570,.569,.368,.273,.348,.682,.047,10,1.000,.063,.429,0,0
325,10,Elie Okobo\okoboel01,22,47,621,.396,13.9,.591,.302,.132,.119,.038,.409,.426,.563,.286,.316,.167,.354,.450,.006,1,.783,.154,.400,1,0
326,11,Jevon Carter\carteje01,24,42,600,.410,18.4,.449,.154,.083,.077,.135,.551,.400,.500,.231,.333,.429,.419,.357,.006,1,.889,.267,.348,2,0
327,12,Tyler Johnson\johnsty01,27,31,515,.380,17.6,.515,.164,.105,.105,.140,.485,.466,.571,.389,.500,.375,.289,.610,.000,0,.917,.181,.467,1,0
328,13,Cheick Diallo\diallch01,23,39,421,.664,5.2,.984,.623,.156,.115,.090,.016,.667,.763,.526,.571,.364,.500,.825,.156,17,1.000,.500,1.000,0,0
329,14,Ty Jerome\jeromty01,22,23,268,.355,15.9,.570,.140,.226,.151,.054,.430,.415,.538,.381,.357,.400,.275,.273,.000,0,.909,.225,.333,1,0
330,15,Jonah Bolden\boldejo01,24,3,33,.250,10.0,.625,.625,.000,.000,.000,.375,.400,.400,,,,.000,.000,.250,1,,.333,.000,0,0
331,16,Jalen Lecque\lecquja01,19,4,26,.400,13.4,.600,.400,.000,.100,.100,.400,.667,.750,,1.000,.000,.000,.250,.100,1,,.500,.000,0,0
332,17,Tariq Owens\owensta01,24,3,15,.200,14.6,.600,.200,.200,.000,.200,.400,.333,1.000,.000,,.000,.000,.000,.000,0,,.500,.000,0,0
333,18,Jared Harper\harpeja01,22,3,8,.250,16.3,.500,.000,.500,.000,.000,.500,.500,,.500,,,.000,.000,.000,0,,.000,,0,0
334,1,Harrison Barnes\barneha02,27,56,1947,.456,11.9,.659,.284,.285,.061,.029,.341,.496,.685,.369,.342,.222,.379,.512,.040,23,.864,.374,.350,1,1
335,2,Buddy Hield\hieldbu01,27,56,1847,.430,18.8,.426,.134,.081,.087,.123,.574,.490,.677,.364,.410,.427,.385,.404,.018,16,.700,.174,.463,0,0
336,3,Nemanja Bjelica\bjeline01,31,56,1593,.483,15.3,.519,.258,.197,.032,.032,.481,.516,.601,.448,.353,.412,.447,.531,.026,14,.948,.140,.556,0,0
337,4,Cory Joseph\josepco01,28,56,1376,.411,15.2,.637,.147,.213,.135,.141,.363,.448,.694,.423,.289,.383,.347,.189,.000,0,.905,.264,.406,0,0
338,5,Bogdan Bogdanović\bogdabo01,27,45,1271,.430,18.7,.417,.117,.120,.097,.084,.583,.524,.641,.424,.453,.587,.363,.325,.004,2,.836,.175,.339,0,0
339,6,De'Aaron Fox\foxde01,22,38,1202,.470,10.3,.786,.321,.283,.133,.048,.214,.512,.667,.402,.351,.571,.315,.146,.038,18,.564,.161,.150,1,0
340,7,Richaun Holmes\holmeri01,26,37,1087,.660,4.6,1.000,.576,.269,.129,.026,.000,.660,.758,.494,.650,.250,,.735,.239,70,,,,0,0
341,8,Trevor Ariza\arizatr01,34,32,791,.388,19.4,.261,.188,.042,.012,.018,.739,.488,.677,.000,.000,.000,.352,.571,.036,6,.977,.369,.333,1,0
342,9,Dewayne Dedmon\dedmode01,30,34,541,.404,13.7,.585,.304,.181,.035,.064,.415,.550,.692,.355,.500,.455,.197,.709,.129,19,1.000,.141,.300,0,0
343,10,Yogi Ferrell\ferreyo01,26,42,467,.409,17.3,.598,.140,.049,.213,.195,.402,.490,.522,.125,.514,.531,.288,.250,.000,0,.737,.197,.538,0,0
344,11,Harry Giles\gilesha01,21,30,406,.546,8.3,1.000,.383,.220,.191,.206,.000,.546,.852,.355,.333,.379,,.753,.184,23,,,,0,0
345,12,Marvin Bagley\baglema01,20,13,334,.467,8.2,.868,.431,.293,.060,.084,.132,.510,.681,.306,.200,.571,.182,.635,.174,25,1.000,.045,.000,0,0
346,13,Kent Bazemore\bazemke01,30,13,275,.419,11.8,.657,.390,.162,.048,.057,.343,.435,.610,.176,.400,.000,.389,.600,.048,5,1.000,.528,.263,1,0
347,14,Justin James\jamesju01,23,32,216,.423,14.1,.667,.218,.192,.128,.128,.333,.462,.706,.333,.500,.200,.346,.708,.115,7,.889,.346,.444,1,0
348,15,Anthony Tolliver\tollian01,34,9,82,.176,23.9,.118,.000,.059,.000,.059,.882,.500,,.000,,1.000,.133,1.000,.000,0,1.000,.200,.000,0,0
349,16,Wenyen Gabriel\gabriwe01,22,11,61,.353,13.7,.529,.294,.235,.000,.000,.471,.556,1.000,.000,,,.125,.600,.118,2,1.000,.125,.000,0,0
350,17,Caleb Swanigan\swanica01,22,7,23,.500,6.5,1.000,.500,.250,.000,.250,.000,.500,.500,1.000,,.000,,1.000,.000,0,,,,0,0
351,18,DaQuan Jeffries\jeffrda01,22,6,19,.429,15.3,.429,.286,.143,.000,.000,.571,.667,1.000,.000,,,.250,1.000,.143,1,1.000,.500,.000,0,0
352,19,Eric Mika\mikaer01,25,1,19,.667,5.7,1.000,.667,.000,.333,.000,.000,.667,.500,,1.000,,,1.000,.333,1,,,,0,0
353,20,Alex Len\lenal01,26,1,16,.333,2.3,1.000,.667,.333,.000,.000,.000,.333,.500,.000,,,,.000,.333,1,,,,0,0
354,21,Jabari Parker\parkeja01,24,1,15,.167,9.8,.833,.333,.333,.000,.167,.167,.200,.500,.000,,.000,.000,1.000,.333,1,,.000,,0,0
355,22,Kyle Guy\guyky01,22,2,4,.500,22.5,.500,.000,.000,.000,.500,.500,1.000,,,,1.000,.000,1.000,.000,0,,1.000,.000,0,0
356,1,Glenn Robinson\robingl02,26,48,1516,.481,14.7,.665,.197,.170,.124,.174,.335,.522,.680,.465,.460,.443,.400,.773,.065,28,.912,.371,.429,1,0
357,2,Eric Paschall\pascher01,23,52,1397,.486,10.9,.804,.331,.237,.100,.137,.196,.536,.715,.406,.444,.392,.283,.545,.104,51,.967,.236,.280,2,0
358,3,Alec Burks\burksal01,28,48,1390,.406,15.0,.627,.213,.168,.128,.118,.373,.424,.516,.347,.390,.408,.375,.475,.013,8,.726,.170,.395,1,0
359,4,Draymond Green\greendr01,29,42,1212,.387,15.0,.590,.229,.184,.092,.086,.410,.462,.681,.310,.414,.259,.279,.721,.019,6,1.000,.093,.333,0,0
360,5,Damion Lee\leeda03,27,41,1154,.418,16.3,.570,.155,.167,.140,.109,.430,.466,.688,.391,.431,.311,.354,.745,.010,4,.968,.202,.389,1,0
361,6,Jordan Poole\poolejo01,20,50,1097,.310,19.5,.466,.122,.085,.085,.174,.534,.360,.472,.378,.351,.276,.266,.479,.002,1,.855,.107,.360,2,0
362,7,D'Angelo Russell\russeda01,23,33,1060,.430,19.2,.494,.068,.124,.159,.143,.506,.487,.767,.380,.396,.549,.374,.275,.005,3,.608,.090,.483,1,0
363,8,Marquese Chriss\chrisma01,22,51,977,.535,6.2,.889,.598,.218,.032,.041,.111,.573,.667,.391,.300,.385,.229,.733,.288,78,1.000,.086,.667,1,0
364,9,Willie Cauley-Stein\caulewi01,26,41,940,.560,5.7,1.000,.533,.249,.101,.117,.000,.560,.774,.391,.308,.167,,.764,.288,70,,,,0,0
365,10,Ky Bowman\bowmaky01,22,42,935,.405,14.8,.659,.216,.155,.145,.142,.341,.456,.641,.261,.442,.405,.307,.449,.044,11,.710,.248,.440,1,0
366,11,Omari Spellman\spellom01,22,49,886,.431,14.3,.627,.305,.112,.078,.132,.373,.454,.556,.303,.478,.333,.391,.607,.102,19,1.000,.182,.550,0,0
367,12,Jacob Evans\evansja02,22,27,414,.338,16.1,.714,.120,.105,.195,.293,.286,.337,.375,.214,.385,.333,.342,.625,.008,1,.923,.263,.300,0,0
368,13,Kevon Looney\looneke01,23,17,213,.339,10.1,.823,.355,.258,.081,.129,.177,.392,.636,.188,.400,.125,.091,.550,.048,3,1.000,.455,.200,1,0
369,14,Andrew Wiggins\wiggian01,24,5,162,.493,13.0,.685,.274,.233,.027,.151,.315,.500,.600,.412,.500,.455,.478,.680,.068,5,1.000,.130,.667,0,0
370,15,Alen Smailagić\smailal01,19,14,139,.500,11.4,.675,.325,.250,.075,.025,.325,.630,.846,.500,.000,1.000,.231,.529,.025,1,1.000,.308,.250,0,0
371,16,Stephen Curry\curryst01,31,4,112,.409,18.7,.439,.227,.076,.015,.121,.561,.621,.733,.400,1.000,.500,.243,.333,.000,0,.556,.162,.333,0,0
372,17,Juan Toscano-Anderson\toscaju01,26,5,100,.571,9.9,.679,.429,.250,.000,.000,.321,.579,.750,.286,,,.556,.545,.107,3,1.000,.333,.667,0,0
373,18,Jeremy Pargo\pargoje01,33,3,44,.500,14.0,.682,.273,.136,.136,.136,.318,.533,.833,.000,.667,.333,.429,.000,.000,0,.667,.000,,0,0
374,19,Zach Norvell\norveza01,22,3,36,.273,22.6,.273,.000,.091,.091,.091,.727,.000,,.000,.000,.000,.375,,.000,0,1.000,.125,.000,0,0
375,20,Dragan Bender\bendedr01,22,1,20,.250,17.9,.375,.000,.375,.000,.000,.625,.000,,.000,,,.400,,.000,0,1.000,.400,.500,0,0
376,1,Bam Adebayo\adebaba01,22,56,1927,.578,5.7,.980,.480,.307,.147,.046,.020,.588,.746,.462,.438,.250,.083,.711,.234,130,1.000,.667,.125,1,0
377,2,Duncan Robinson\robindu01,25,56,1639,.457,23.2,.120,.068,.029,.008,.016,.880,.629,.857,.467,.000,.250,.434,.846,.004,2,.954,.240,.459,1,0
378,3,Jimmy Butler\butleji01,30,47,1616,.453,10.5,.822,.323,.261,.139,.098,.178,.498,.662,.443,.371,.286,.246,.382,.073,47,.536,.184,.190,4,0
379,4,Kendrick Nunn\nunnke01,24,53,1590,.444,15.6,.585,.205,.143,.118,.118,.415,.511,.664,.365,.477,.453,.349,.382,.034,21,.762,.246,.351,0,0
380,5,Tyler Herro\herroty01,20,46,1273,.414,18.2,.524,.119,.098,.119,.187,.476,.433,.508,.423,.429,.394,.393,.467,.004,2,.778,.147,.459,2,0
381,6,Goran Dragić\dragigo01,33,45,1270,.449,16.4,.524,.170,.150,.112,.092,.476,.503,.688,.415,.344,.500,.388,.313,.000,0,.644,.162,.405,1,0
382,7,Derrick Jones\jonesde02,22,42,1028,.496,11.8,.606,.462,.121,.011,.011,.394,.638,.705,.438,.333,.333,.279,.775,.261,60,.966,.519,.259,5,0
383,8,Meyers Leonard\leoname01,27,49,987,.520,16.0,.466,.242,.148,.058,.018,.534,.625,.815,.515,.154,.500,.429,.831,.166,29,.941,.160,.368,0,0
384,9,Kelly Olynyk\olynyke01,28,50,972,.459,17.7,.416,.226,.097,.054,.039,.584,.543,.714,.296,.400,.364,.399,.683,.025,7,.954,.172,.357,1,0
385,10,Justise Winslow\winslju01,23,11,352,.388,10.4,.791,.256,.372,.085,.078,.209,.431,.606,.354,.455,.200,.222,.500,.031,3,.833,.296,.125,0,0
386,11,Chris Silva\silvach01,23,38,294,.636,4.0,.970,.682,.197,.061,.030,.030,.656,.756,.385,.500,.500,.000,.667,.273,17,,.500,.000,0,0
387,12,James Johnson\johnsja01,32,18,281,.448,15.0,.483,.310,.161,.011,.000,.517,.548,.741,.143,1.000,,.356,.609,.126,8,.938,.244,.364,1,0
388,13,Jae Crowder\crowdja01,29,5,141,.556,19.0,.311,.200,.044,.022,.044,.689,.571,.556,1.000,1.000,.000,.548,.750,.000,0,.824,.258,.625,0,0
389,14,Andre Iguodala\iguodan01,36,5,105,.474,20.8,.368,.211,.000,.053,.105,.632,.714,.750,,.000,1.000,.333,.600,.053,1,.750,.417,.400,1,0
390,15,Dion Waiters\waitedi01,28,3,42,.385,19.3,.346,.192,.038,.000,.115,.654,.222,.200,.000,,.333,.471,.500,.000,0,.750,.176,.333,0,0
391,16,Gabe Vincent\vincega01,23,4,41,.211,23.2,.158,.000,.053,.105,.000,.842,.000,,.000,.000,,.250,,.000,0,1.000,.125,.000,0,0
392,17,KZ Okpala\okpalkz01,20,5,26,.600,7.6,.800,.400,.400,.000,.000,.200,.750,1.000,.500,,,.000,.333,.400,2,,1.000,.000,0,0
393,18,Solomon Hill\hillso01,28,2,22,.286,16.7,.429,.143,.143,.143,.000,.571,.333,.000,1.000,.000,,.250,.000,.000,0,1.000,.500,.500,0,0
394,19,Udonis Haslem\hasleud01,39,3,21,.167,10.8,.667,.333,.333,.000,.000,.333,.250,.000,.500,,,.000,1.000,.167,0,,.000,,0,0
395,20,Daryl Macon\maconda01,24,4,14,.333,22.3,.333,.000,.000,.000,.333,.667,.000,,,,.000,.500,,.000,0,1.000,.500,1.000,0,0
396,1,Evan Fournier\fournev01,27,55,1746,.463,17.1,.537,.161,.154,.110,.112,.463,.511,.646,.479,.379,.489,.408,.435,.003,1,.812,.140,.549,0,0
397,2,Aaron Gordon\gordoaa01,24,50,1615,.422,14.2,.685,.301,.126,.158,.100,.315,.477,.693,.342,.364,.175,.303,.502,.123,71,.883,.182,.333,6,0
398,3,Markelle Fultz\fultzma01,21,55,1548,.468,11.4,.823,.338,.203,.177,.106,.177,.512,.651,.436,.392,.410,.265,.309,.040,19,.852,.108,.273,3,0
399,4,Nikola Vučević\vucevni01,29,45,1452,.458,13.5,.707,.232,.280,.119,.077,.293,.507,.665,.472,.389,.345,.338,.743,.029,21,.987,.032,.857,0,0
400,5,Terrence Ross\rosste01,28,54,1447,.385,20.6,.413,.081,.072,.102,.158,.587,.473,.750,.348,.400,.436,.323,.584,.027,14,.876,.077,.414,4,0
401,6,D.J. Augustin\augusdj01,32,40,1029,.390,17.2,.579,.177,.177,.131,.095,.421,.426,.569,.241,.535,.355,.341,.160,.000,0,.574,.123,.294,3,0
402,7,Jonathan Isaac\isaacjo01,22,32,949,.463,12.0,.717,.366,.096,.149,.106,.283,.515,.661,.323,.375,.382,.330,.588,.137,36,.933,.253,.391,0,0
403,8,Khem Birch\birchkh01,27,38,773,.496,4.7,.991,.451,.478,.062,.000,.009,.500,.686,.352,.286,,.000,.696,.195,20,,1.000,.000,0,0
404,9,Mo Bamba\bambamo01,21,51,758,.467,13.6,.638,.413,.125,.038,.063,.363,.542,.677,.200,.444,.400,.333,.566,.158,36,1.000,.103,.222,0,0
405,10,Wesley Iwundu\iwundwe01,25,41,749,.382,15.0,.652,.208,.157,.118,.169,.348,.414,.541,.357,.381,.333,.323,.604,.056,8,.700,.339,.333,0,0
406,11,Michael Carter-Williams\cartemi01,28,33,592,.409,10.9,.729,.343,.304,.050,.033,.271,.470,.565,.418,.333,.167,.245,.484,.039,6,1.000,.245,.250,0,0
407,12,Al-Farouq Aminu\aminual01,29,18,380,.291,13.3,.581,.267,.244,.000,.070,.419,.320,.435,.190,,.333,.250,.438,.012,1,.889,.222,.375,0,0
408,13,Gary Clark\clarkga01,25,13,166,.361,21.8,.139,.083,.056,.000,.000,.861,.800,1.000,.500,,,.290,.250,.000,0,1.000,.323,.400,0,0
409,14,Amile Jefferson\jeffeam01,26,18,74,.357,6.1,1.000,.286,.500,.143,.071,.000,.357,.250,.429,.500,.000,,.400,.000,0,,,,0,0
410,15,James Ennis\ennisja01,29,3,51,.333,14.7,.600,.333,.067,.133,.067,.400,.444,.800,.000,.000,.000,.167,.500,.133,2,.000,.000,,0,0
411,16,Melvin Frazier\frazime01,23,14,48,.353,15.6,.588,.118,.176,.176,.118,.412,.200,.500,.000,.333,.000,.571,1.000,.000,0,.500,.429,.667,0,0
412,17,B.J. Johnson\johnsbj01,24,8,46,.278,14.9,.667,.222,.056,.167,.222,.333,.333,.750,.000,.333,.000,.167,.250,.167,3,1.000,.500,.333,0,0
413,18,Josh Magette\magetjo01,30,8,38,.333,15.0,.733,.067,.267,.200,.200,.267,.364,1.000,.500,.333,.000,.250,.000,.000,0,1.000,.000,,0,0
414,19,Vic Law\lawvi01,24,3,4,.000,21.0,.500,.000,.000,.000,.500,.500,.000,,,,.000,.000,,.000,0,,1.000,.000,0,0
415,1,Bradley Beal\bealbr01,26,48,1709,.453,14.5,.640,.246,.142,.135,.117,.360,.528,.687,.404,.458,.424,.320,.361,.030,29,.650,.130,.340,1,0
416,2,Ish Smith\smithis01,31,55,1457,.453,13.3,.736,.235,.174,.155,.172,.264,.487,.646,.394,.488,.366,.357,.196,.000,0,.725,.259,.324,0,0
417,3,Dāvis Bertāns\bertada01,27,46,1354,.435,21.8,.243,.108,.065,.037,.033,.757,.476,.655,.303,.421,.294,.422,.746,.029,14,.914,.078,.500,1,0
418,4,Troy Brown\browntr01,20,52,1333,.462,13.0,.726,.285,.204,.099,.139,.274,.509,.685,.396,.386,.403,.336,.533,.036,14,.976,.246,.500,5,1
419,5,Isaiah Thomas\thomais02,30,40,925,.408,17.7,.556,.066,.157,.185,.148,.444,.405,.536,.299,.392,.476,.413,.385,.000,0,.769,.111,.238,0,0
420,6,Rui Hachimura\hachiru01,21,32,923,.489,10.3,.843,.367,.173,.170,.133,.157,.536,.710,.323,.453,.440,.237,.688,.096,34,1.000,.271,.313,2,0
421,7,Isaac Bonga\bongais01,20,50,885,.534,9.5,.724,.491,.172,.043,.018,.276,.585,.663,.500,.143,.333,.400,.580,.049,6,1.000,.422,.526,1,0
422,8,Thomas Bryant\bryanth01,22,31,769,.590,9.4,.835,.451,.147,.102,.135,.165,.640,.808,.487,.407,.417,.341,.775,.188,49,.867,.136,.333,0,0
423,9,Ian Mahinmi\mahinia01,33,35,750,.500,6.7,.876,.500,.330,.031,.015,.124,.541,.680,.344,.333,.667,.208,.674,.165,26,1.000,.125,.333,1,0
424,10,Jordan McRae\mcraejo01,28,29,654,.420,15.0,.666,.186,.170,.148,.161,.334,.441,.678,.352,.319,.373,.377,.409,.032,9,.700,.170,.500,1,0
425,11,Moritz Wagner\wagnemo01,22,28,557,.574,10.1,.678,.485,.173,.015,.005,.322,.679,.806,.371,.333,.000,.354,.763,.084,14,1.000,.154,.400,0,0
426,12,Gary Payton\paytoga02,27,24,407,.407,11.2,.620,.444,.139,.028,.009,.380,.478,.625,.067,.000,1.000,.293,.625,.102,10,1.000,.415,.294,0,0
427,13,Anžejs Pasečņiks\pasecan01,24,20,370,.529,5.9,.980,.441,.373,.118,.049,.020,.540,.756,.447,.167,.200,.000,.630,.059,5,,.000,,0,0
428,14,Admiral Schofield\schofad01,22,26,292,.400,17.9,.373,.187,.107,.067,.013,.627,.571,.571,.500,.600,1.000,.298,.688,.040,2,1.000,.277,.462,1,0
429,15,Garrison Mathews\mathega01,23,16,202,.460,24.0,.160,.020,.040,.060,.040,.840,.625,1.000,.500,.333,1.000,.429,.600,.000,0,.944,.238,.500,0,0
430,16,C.J. Miles\milescj01,32,10,161,.322,18.0,.407,.169,.153,.017,.068,.593,.333,.500,.222,.000,.250,.314,.750,.017,1,.909,.200,.286,0,0
431,17,Johnathan Williams\willijo04,24,11,135,.640,8.8,.920,.440,.280,.080,.120,.080,.696,.909,.571,.000,.667,.000,.563,.160,4,,.500,.000,1,0
432,18,Chris Chiozza\chiozch01,24,10,123,.294,16.3,.529,.147,.206,.088,.088,.471,.167,.400,.143,.000,.000,.438,.333,.000,0,1.000,.125,1.000,0,0
433,19,Shabazz Napier\napiesh01,28,6,113,.444,18.5,.389,.222,.083,.056,.028,.611,.500,.875,.000,.000,.000,.409,.429,.000,0,.444,.091,.000,0,0
434,20,Jerome Robinson\robinje01,22,5,85,.357,15.8,.607,.179,.143,.107,.179,.393,.353,.600,.250,.333,.200,.364,.500,.036,0,1.000,.545,.333,0,0
435,21,Justin Robinson\robinju01,22,9,49,.417,20.4,.583,.000,.083,.000,.500,.417,.286,,1.000,,.167,.600,.500,.000,0,1.000,.000,,0,0
436,1,Devonte' Graham\grahade01,24,56,1961,.373,19.5,.387,.133,.106,.072,.076,.613,.380,.527,.247,.328,.359,.368,.290,.004,3,.532,.060,.355,3,0
437,2,Terry Rozier\roziete01,25,55,1879,.419,15.5,.547,.223,.149,.099,.076,.453,.444,.564,.355,.375,.355,.390,.310,.009,6,.811,.199,.411,0,0
438,3,Miles Bridges\bridgmi02,21,56,1725,.438,12.9,.598,.305,.224,.050,.019,.402,.503,.643,.361,.281,.500,.341,.497,.072,41,.955,.353,.407,3,0
439,4,P.J. Washington\washipj01,21,49,1482,.465,11.5,.648,.341,.265,.029,.013,.352,.510,.667,.341,.214,.500,.383,.809,.120,52,.969,.269,.533,0,0
440,5,Cody Zeller\zelleco01,27,52,1200,.518,6.7,.839,.564,.241,.030,.005,.161,.572,.657,.415,.154,1.000,.239,.701,.139,57,.941,.056,.500,0,0
441,6,Malik Monk\monkma01,21,54,1142,.438,14.1,.579,.286,.202,.063,.027,.421,.545,.669,.438,.400,.385,.290,.527,.061,27,.862,.165,.273,5,0
442,7,Bismack Biyombo\biyombi01,27,47,890,.541,3.7,1.000,.614,.301,.073,.012,.000,.541,.682,.338,.278,.000,,.835,.203,47,,,,0,0
443,8,Marvin Williams\willima02,33,41,808,.448,17.1,.443,.129,.224,.062,.029,.557,.538,.852,.489,.231,.167,.376,.640,.014,2,.977,.316,.514,1,0
444,9,Dwayne Bacon\bacondw01,24,39,687,.348,11.6,.725,.320,.238,.107,.061,.275,.373,.449,.345,.231,.333,.284,.470,.012,3,.895,.149,.300,0,0
445,10,Cody Martin\martico01,24,39,633,.420,12.1,.607,.447,.100,.020,.040,.393,.538,.672,.200,.000,.167,.237,.571,.113,13,.929,.305,.222,0,0
446,11,Nicolas Batum\batumni01,31,22,505,.346,18.1,.395,.222,.012,.074,.086,.605,.438,.611,1.000,.333,.000,.286,.214,.037,3,.929,.388,.316,0,0
447,12,Willy Hernangómez\hernawi01,25,24,254,.525,8.5,.802,.436,.277,.059,.030,.198,.593,.682,.500,.500,.333,.250,.604,.099,9,1.000,.150,.333,0,0
448,13,Michael Kidd-Gilchrist\kiddgmi01,26,12,160,.340,13.1,.679,.226,.302,.057,.094,.321,.361,.500,.375,.333,.000,.294,.615,.000,0,1.000,.294,.400,0,0
449,14,Caleb Martin\martica02,24,9,107,.320,10.8,.680,.560,.040,.000,.080,.320,.353,.429,.000,,.000,.250,.500,.160,2,1.000,.125,1.000,0,0
450,15,Jalen McDaniels\mcdanja01,22,7,104,.520,12.6,.600,.320,.200,.040,.040,.400,.533,.500,.600,.000,1.000,.500,.500,.040,1,1.000,.600,.833,0,0
451,16,Joe Chealey\chealjo01,24,1,3,.000,23.0,.000,.000,.000,.000,.000,1.000,,,,,,.000,,.000,0,,1.000,.000,0,0
452,1,Trae Young\youngtr01,21,52,1840,.445,16.7,.545,.184,.167,.145,.048,.455,.504,.598,.459,.471,.404,.374,.165,.000,0,.283,.033,.625,1,1
453,2,De'Andre Hunter\huntede01,22,54,1704,.413,15.4,.566,.231,.141,.082,.112,.434,.459,.588,.289,.396,.455,.353,.569,.037,17,.944,.314,.388,1,0
454,3,Kevin Huerter\huertke01,21,47,1443,.411,18.2,.451,.136,.124,.118,.073,.549,.445,.551,.413,.417,.351,.384,.353,.018,8,.860,.158,.523,1,0
455,4,Cam Reddish\reddica01,20,50,1323,.357,15.3,.552,.223,.141,.087,.102,.448,.400,.534,.323,.300,.298,.304,.520,.045,10,.857,.290,.333,0,0
456,5,John Collins\collijo01,22,32,1035,.577,9.4,.764,.457,.191,.075,.041,.236,.640,.775,.461,.314,.579,.373,.741,.212,87,.951,.164,.333,1,0
457,6,DeAndre' Bembry\bembrde01,25,43,915,.456,9.7,.715,.469,.206,.031,.009,.285,.546,.607,.426,.571,.000,.231,.584,.096,19,1.000,.400,.308,1,0
458,7,Damian Jones\jonesda03,24,51,850,.686,3.2,.953,.814,.110,.006,.023,.047,.707,.764,.421,.000,.250,.250,.836,.547,84,1.000,.750,.333,0,0
459,8,Jabari Parker\parkeja01,24,32,837,.504,10.6,.707,.435,.176,.056,.041,.293,.601,.719,.464,.364,.250,.270,.593,.188,69,.968,.322,.324,2,0
460,9,Vince Carter\cartevi01,43,51,763,.351,20.4,.336,.073,.092,.099,.073,.664,.466,.421,.542,.462,.421,.293,.463,.008,2,.863,.195,.353,0,0
461,10,Alex Len\lenal01,26,40,745,.546,7.9,.785,.538,.185,.054,.008,.215,.627,.693,.521,.357,.500,.250,.734,.269,60,1.000,.464,.346,0,0
462,11,Bruno Fernando\fernabr01,21,47,569,.516,7.1,.803,.599,.172,.019,.013,.197,.611,.723,.259,.667,.000,.129,.675,.242,34,1.000,.387,.083,0,0
463,12,Allen Crabbe\crabbal01,27,28,522,.364,20.5,.350,.063,.091,.112,.084,.650,.440,.667,.308,.375,.500,.323,.591,.007,1,1.000,.194,.444,2,0
464,13,Brandon Goodwin\goodwbr01,24,28,367,.383,16.1,.533,.192,.180,.126,.036,.467,.461,.656,.300,.429,.333,.295,.220,.000,0,.609,.205,.125,2,0
465,14,Jeff Teague\teaguje01,31,16,344,.392,10.3,.843,.343,.235,.167,.098,.157,.407,.686,.333,.118,.100,.313,.200,.020,2,.400,.125,1.000,0,0
466,15,Evan Turner\turneev01,31,19,251,.373,10.4,.925,.299,.149,.343,.134,.075,.403,.550,.500,.261,.333,.000,.400,.000,0,,.200,.000,0,0
467,16,Tyrone Wallace\wallaty01,25,14,160,.318,11.9,.659,.432,.136,.068,.023,.341,.448,.579,.167,.333,.000,.067,.615,.023,1,.000,.267,.000,1,0
468,17,Treveon Graham\grahatr01,26,13,140,.313,17.9,.375,.125,.156,.063,.031,.625,.333,.500,.400,.000,.000,.300,.500,.000,0,1.000,.400,.125,0,0
469,18,Dewayne Dedmon\dedmode01,30,5,123,.432,13.2,.568,.405,.027,.108,.027,.432,.571,.733,1.000,.000,.000,.250,.833,.081,3,1.000,.313,.000,0,0
470,19,Chandler Parsons\parsoch01,31,5,54,.278,22.3,.222,.056,.111,.000,.056,.778,.250,.000,.500,,.000,.286,.000,.000,0,1.000,.143,.500,0,0
471,20,Charlie Brown\brownch02,22,10,40,.316,14.3,.526,.263,.211,.053,.000,.474,.300,.200,.500,.000,,.333,1.000,.053,1,1.000,.222,.000,0,0
472,21,Paul Watson\watsopa01,25,2,17,.000,16.3,.571,.000,.429,.000,.143,.429,.000,,.000,,.000,.000,,.000,0,,.333,.000,0,0
473,1,James Harden\hardeja01,30,53,1958,.439,16.6,.446,.232,.188,.020,.005,.554,.538,.658,.396,.480,.500,.359,.140,.014,15,.140,.046,.355,0,0
474,2,P.J. Tucker\tuckepj01,34,56,1952,.440,18.0,.324,.158,.095,.039,.033,.676,.578,.660,.500,.462,.545,.374,.730,.000,0,.988,.753,.409,0,0
475,3,Russell Westbrook\westbru01,31,47,1690,.466,10.4,.825,.405,.136,.128,.156,.175,.513,.639,.359,.397,.416,.246,.242,.039,32,.609,.182,.235,0,0
476,4,Danuel House\houseda01,26,50,1530,.424,17.5,.348,.237,.081,.024,.007,.652,.503,.620,.206,.400,.333,.382,.716,.064,19,.952,.425,.368,2,0
477,5,Ben McLemore\mclembe01,26,56,1309,.444,21.5,.168,.138,.028,.002,.000,.832,.699,.800,.167,1.000,,.392,.863,.044,17,.958,.293,.434,1,0
478,6,Clint Capela\capelca01,25,39,1279,.629,2.3,1.000,.760,.232,.008,.000,.000,.629,.722,.333,.333,,,.803,.327,123,,,,0,0
479,7,Austin Rivers\riverau01,27,52,1222,.414,15.6,.459,.266,.156,.032,.005,.541,.500,.584,.424,.167,.500,.341,.310,.003,1,.743,.220,.400,0,0
480,8,Eric Gordon\gordoer01,31,29,847,.377,18.9,.343,.200,.109,.023,.010,.657,.462,.545,.381,.333,.000,.332,.525,.013,5,.774,.083,.238,2,0
481,9,Thabo Sefolosha\sefolth01,35,39,417,.416,16.8,.404,.258,.067,.034,.045,.596,.611,.826,.167,.333,.250,.283,.591,.000,0,1.000,.453,.417,0,0
482,10,Isaiah Hartenstein\harteis01,21,23,266,.657,4.2,.925,.716,.179,.030,.000,.075,.710,.792,.417,.500,,.000,.818,.179,12,,.200,.000,0,0
483,11,Chris Clemons\clemoch01,22,28,246,.403,21.3,.250,.194,.008,.024,.024,.750,.548,.583,1.000,.333,.333,.355,.294,.024,3,.545,.022,.500,0,0
484,12,Tyson Chandler\chandty01,37,26,219,.778,1.4,1.000,1.000,.000,.000,.000,.000,.778,.778,,,,,.857,.611,11,,,,0,0
485,13,Gary Clark\clarkga01,25,18,212,.390,22.2,.136,.102,.017,.017,.000,.864,.625,.833,.000,.000,,.353,.800,.034,2,1.000,.314,.438,0,0
486,14,Robert Covington\covinro01,29,6,191,.391,21.2,.217,.159,.043,.000,.014,.783,.600,.727,.000,,1.000,.333,.778,.029,2,1.000,.241,.462,1,0
487,15,Michael Frazier\frazimi01,25,8,66,.364,18.6,.273,.182,.091,.000,.000,.727,.667,1.000,.000,,,.250,1.000,.091,1,1.000,.250,.500,0,0
488,16,Jeff Green\greenje02,33,2,38,.778,18.2,.333,.333,.000,.000,.000,.667,1.000,1.000,,,,.667,1.000,.222,2,1.000,.167,1.000,0,0
489,17,Ryan Anderson\anderry01,31,2,14,.286,21.4,.286,.143,.000,.143,.000,.714,.500,.000,,1.000,,.200,.000,.000,0,1.000,.000,,0,0
490,18,William Howard\howarwi01,26,2,13,.000,25.3,.000,.000,.000,.000,.000,1.000,,,,,,.000,,.000,0,,.250,.000,0,0
491,19,DeMarre Carroll\carrode01,33,1,13,,,,,,,,,,,,,,,,,0,,,,0,0
492,20,Bruno Caboclo\cabocbr01,24,1,5,.000,28.0,.000,.000,.000,.000,.000,1.000,,,,,,.000,,.000,0,,.000,,0,0
493,1,Dorian Finney-Smith\finnedo01,26,57,1701,.456,15.6,.415,.328,.063,.005,.019,.585,.573,.644,.308,.500,.250,.373,.561,.129,45,.967,.498,.433,0,0
494,2,Tim Hardaway\hardati02,27,54,1492,.437,18.8,.423,.119,.108,.093,.103,.577,.478,.610,.386,.467,.433,.406,.504,.019,11,.849,.230,.488,2,0
495,3,Luka Dončić\doncilu01,20,45,1477,.466,14.9,.557,.260,.225,.057,.015,.443,.576,.762,.425,.365,.429,.327,.169,.013,12,.233,.020,.375,8,0
496,4,Maxi Kleber\klebima01,28,56,1400,.467,16.4,.392,.292,.056,.031,.013,.608,.601,.667,.455,.333,.400,.380,.837,.115,41,1.000,.354,.405,0,0
497,5,Kristaps Porziņģis\porzikr01,24,43,1317,.418,16.5,.563,.186,.130,.171,.076,.437,.469,.746,.259,.366,.380,.353,.676,.095,59,.960,.031,.556,2,0
498,6,Seth Curry\curryse01,29,53,1269,.476,18.8,.437,.091,.141,.096,.109,.563,.537,.714,.446,.545,.500,.429,.426,.000,0,.793,.166,.395,1,0
499,7,Delon Wright\wrighde01,27,55,1169,.472,10.8,.704,.373,.272,.034,.025,.296,.513,.645,.364,.455,.250,.375,.282,.019,5,.806,.156,.533,2,0
500,8,Dwight Powell\poweldw01,28,40,1061,.638,6.1,.830,.677,.135,.013,.004,.170,.716,.813,.323,.000,.000,.256,.809,.279,57,1.000,.308,.333,0,0
501,9,Jalen Brunson\brunsja01,23,57,1022,.466,13.6,.691,.178,.258,.139,.116,.309,.515,.623,.500,.500,.400,.358,.239,.000,0,.814,.233,.357,0,0
502,10,Justin Jackson\jacksju01,24,51,820,.397,15.5,.518,.195,.199,.106,.018,.482,.486,.545,.500,.367,.400,.301,.817,.004,1,.927,.221,.233,0,0
503,11,J.J. Barea\bareajo01,35,18,282,.446,14.3,.612,.281,.144,.122,.065,.388,.459,.590,.350,.294,.444,.426,.103,.000,0,.391,.130,.571,1,0
504,12,Boban Marjanović\marjabo01,31,29,258,.545,7.7,.927,.423,.309,.130,.065,.073,.561,.808,.421,.250,.250,.333,.484,.098,11,1.000,.111,1.000,0,0
505,13,Ryan Broekhoff\broekry01,29,17,180,.373,22.5,.136,.068,.034,.034,.000,.864,.250,.250,.500,.000,,.392,.500,.000,0,.950,.294,.400,0,0
506,14,Courtney Lee\leeco01,34,15,163,.512,19.8,.349,.093,.093,.023,.140,.651,.600,1.000,.750,.000,.333,.464,.556,.000,0,.846,.321,.444,0,0
507,15,Willie Cauley-Stein\caulewi01,26,9,111,.676,4.1,.971,.706,.176,.059,.029,.029,.697,.875,.167,.000,1.000,.000,.913,.382,12,,.000,,0,0
508,16,Antonius Cleveland\clevean01,25,6,22,.333,11.0,.833,.333,.167,.167,.167,.167,.400,.500,1.000,.000,.000,.000,.000,.000,0,,.000,,0,0
509,17,Michael Kidd-Gilchrist\kiddgmi01,26,2,9,.000,7.0,1.000,.000,1.000,.000,.000,.000,.000,,.000,,,,,.000,0,,,,0,0
510,18,Josh Reaves\reavejo02,22,2,1,.000,13.0,1.000,.000,.000,1.000,.000,.000,.000,,,.000,,,,.000,0,,,,0,0
511,1,Dillon Brooks\brookdi01,24,56,1585,.407,15.4,.615,.189,.146,.172,.109,.385,.426,.500,.354,.436,.381,.376,.537,.013,8,.884,.114,.353,1,0
512,2,Jaren Jackson\jacksja02,20,54,1512,.468,14.8,.515,.244,.228,.033,.010,.485,.535,.696,.394,.391,.286,.397,.653,.080,52,.919,.179,.393,1,0
513,3,Ja Morant\moranja01,20,50,1495,.492,8.7,.842,.440,.229,.127,.046,.158,.518,.604,.400,.488,.355,.355,.285,.068,35,.474,.103,.455,3,0
514,4,Jonas Valančiūnas\valanjo01,27,53,1371,.582,7.3,.872,.415,.365,.068,.025,.128,.612,.738,.537,.316,.429,.375,.570,.082,44,1.000,.125,.333,1,0
515,5,Jae Crowder\crowdja01,29,45,1322,.368,18.9,.333,.203,.050,.023,.058,.667,.519,.642,.300,.111,.435,.293,.594,.005,2,.821,.184,.306,0,0
516,6,Brandon Clarke\clarkbr01,23,49,1083,.623,7.4,.873,.480,.208,.159,.025,.127,.654,.781,.494,.523,.400,.404,.820,.164,66,1.000,.385,.350,0,0
517,7,Tyus Jones\jonesty01,23,56,1054,.474,13.1,.739,.181,.250,.201,.106,.261,.502,.683,.437,.443,.459,.396,.403,.000,0,.806,.198,.500,0,0
518,8,Kyle Anderson\anderky01,26,50,913,.504,10.7,.799,.317,.237,.129,.116,.201,.575,.648,.604,.448,.462,.222,.534,.040,9,1.000,.644,.172,1,0
519,9,Solomon Hill\hillso01,28,48,901,.412,18.4,.369,.146,.133,.034,.056,.631,.465,.500,.419,.375,.538,.381,.625,.021,4,.929,.252,.459,0,0
520,10,De'Anthony Melton\meltode01,21,43,802,.432,12.8,.707,.310,.199,.056,.143,.293,.488,.652,.404,.313,.317,.298,.515,.059,15,.840,.143,.417,1,0
521,11,Grayson Allen\allengr01,24,30,498,.449,15.7,.483,.188,.199,.091,.006,.517,.541,.758,.400,.438,.000,.363,.587,.063,10,.970,.275,.480,0,0
522,12,Marko Guduric\gudurma01,24,35,444,.383,15.8,.489,.255,.121,.028,.085,.511,.478,.583,.412,.000,.417,.292,.606,.007,1,1.000,.250,.278,0,0
523,13,Bruno Caboclo\cabocbr01,24,22,192,.406,11.5,.638,.435,.145,.000,.058,.362,.545,.633,.300,,.500,.160,.708,.130,7,1.000,.440,.273,0,0
524,14,Josh Jackson\jacksjo02,22,9,164,.458,12.8,.593,.322,.220,.017,.034,.407,.600,.842,.308,.000,.500,.250,.571,.051,3,1.000,.292,.571,0,0
525,15,Yuta Watanabe\watanyu01,25,9,49,.429,11.4,.714,.357,.214,.000,.143,.286,.400,.400,.333,,.500,.500,.500,.071,1,1.000,.500,.500,0,0
526,16,Gorgui Dieng\dienggo01,30,3,47,.643,12.1,.643,.286,.214,.071,.071,.357,.778,1.000,.667,.000,1.000,.400,.857,.286,4,1.000,.800,.500,0,0
527,17,John Konchar\konchjo01,23,6,34,.600,10.4,.600,.600,.000,.000,.000,.400,1.000,1.000,,,,.000,1.000,.000,0,,.500,.000,0,0
528,1,DeMar DeRozan\derozde01,30,54,1842,.530,9.8,.966,.257,.258,.263,.188,.034,.538,.730,.502,.458,.438,.276,.281,.032,27,.875,.310,.444,0,0
529,2,LaMarcus Aldridge\aldrila01,34,52,1717,.495,13.7,.801,.203,.129,.226,.244,.199,.520,.712,.475,.460,.441,.392,.558,.042,29,.950,.183,.393,1,0
530,3,Bryn Forbes\forbebr01,26,56,1413,.411,21.0,.347,.067,.077,.050,.154,.653,.464,.657,.400,.423,.425,.382,.702,.000,0,.923,.094,.438,1,0
531,4,Dejounte Murray\murrade01,23,52,1284,.483,10.9,.836,.314,.186,.186,.151,.164,.501,.618,.329,.518,.449,.387,.318,.035,14,.966,.373,.393,0,0
532,5,Derrick White\whitede01,25,54,1284,.455,13.5,.661,.258,.209,.113,.081,.339,.502,.571,.529,.391,.364,.362,.378,.017,6,.760,.138,.421,3,0
533,6,Patty Mills\millspa02,31,56,1281,.427,20.4,.328,.118,.042,.037,.131,.672,.512,.656,.500,.368,.426,.385,.494,.000,0,.791,.204,.451,3,0
534,7,Rudy Gay\gayru01,33,53,1105,.436,15.2,.629,.181,.143,.198,.107,.371,.508,.724,.350,.446,.467,.314,.507,.052,18,.837,.282,.273,1,0
535,8,Trey Lyles\lylestr01,24,56,1040,.440,15.4,.507,.272,.097,.078,.060,.493,.515,.658,.231,.524,.313,.364,.771,.067,16,1.000,.280,.432,0,0
536,9,Jakob Pöltl\poeltja01,24,56,951,.619,3.5,1.000,.647,.265,.088,.000,.000,.619,.683,.474,.579,,,.737,.112,22,,,,0,0
537,10,Marco Belinelli\belinma01,33,48,725,.376,20.4,.440,.088,.044,.052,.256,.560,.409,.591,.182,.385,.391,.350,.933,.000,0,.898,.214,.300,0,0
538,11,Lonnie Walker\walkelo01,21,48,670,.432,12.1,.739,.320,.203,.079,.137,.261,.449,.610,.286,.316,.394,.381,.563,.054,11,.958,.254,.438,1,0
539,12,DeMarre Carroll\carrode01,33,15,135,.310,14.6,.552,.207,.276,.069,.000,.448,.375,.333,.250,1.000,,.231,.833,.000,0,1.000,.154,.500,0,0
540,13,Chimezie Metu\metuch01,22,16,73,.571,9.1,.971,.371,.257,.114,.229,.029,.588,.769,.444,.500,.500,.000,.700,.200,6,,.000,,0,0
541,14,Drew Eubanks\eubandr01,22,8,42,.667,4.4,1.000,.400,.600,.000,.000,.000,.667,.500,.778,,,,.800,.200,3,,,,0,0
542,15,Keldon Johnson\johnske04,20,5,25,.400,7.4,.933,.333,.400,.200,.000,.067,.429,.600,.500,.000,,.000,.833,.067,1,,1.000,.000,0,0
543,16,Quinndary Weatherspoon\weathqu01,23,1,4,.000,23.0,1.000,.000,.000,.000,1.000,.000,.000,,,,.000,,,.000,0,,,,0,0
544,1,Jrue Holiday\holidjr01,29,48,1663,.445,12.0,.660,.341,.219,.057,.043,.340,.491,.613,.363,.426,.257,.356,.298,.023,16,.515,.126,.400,2,0
545,2,Brandon Ingram\ingrabr01,22,49,1662,.471,14.0,.649,.246,.147,.165,.092,.351,.508,.684,.375,.438,.375,.402,.285,.060,45,.902,.258,.443,2,0
546,3,Lonzo Ball\balllo01,22,49,1570,.400,17.9,.424,.209,.081,.052,.083,.576,.445,.619,.250,.286,.311,.367,.431,.026,13,.798,.228,.338,2,0
547,4,Josh Hart\hartjo01,24,50,1406,.425,18.4,.322,.206,.065,.035,.016,.678,.565,.682,.500,.200,.143,.359,.449,.009,4,.981,.283,.427,0,0
548,5,J.J. Redick\redicjj01,35,52,1401,.450,21.0,.382,.072,.052,.059,.199,.618,.446,.575,.241,.364,.477,.452,.811,.000,0,.929,.151,.500,0,0
549,6,Jaxson Hayes\hayesja02,19,54,937,.662,2.9,.983,.835,.121,.026,.000,.017,.670,.741,.250,.333,,.250,.822,.424,88,1.000,.250,1.000,3,0
550,7,Derrick Favors\favorde01,28,38,909,.622,4.1,.977,.683,.193,.062,.039,.023,.632,.734,.460,.250,.300,.167,.731,.170,40,1.000,.667,.250,0,0
551,8,E'Twaun Moore\mooreet01,30,44,861,.426,14.7,.605,.161,.247,.121,.076,.395,.461,.689,.457,.239,.345,.373,.425,.013,4,.946,.327,.347,0,0
552,9,Kenrich Williams\willike04,25,35,779,.343,18.1,.329,.245,.049,.014,.021,.671,.511,.543,.429,.500,.333,.260,.667,.035,4,.960,.438,.357,2,0
553,10,Nicolò Melli\mellini01,29,45,722,.464,19.6,.348,.138,.089,.076,.045,.652,.590,.742,.450,.471,.600,.397,.609,.049,10,1.000,.226,.424,2,0
554,11,Frank Jackson\jacksfr01,21,45,583,.404,15.7,.533,.196,.164,.116,.058,.467,.483,.591,.378,.500,.385,.314,.500,.009,2,.909,.390,.415,2,0
555,12,Nickeil Alexander-Walker\alexani01,21,41,501,.339,16.3,.485,.229,.172,.057,.026,.515,.336,.462,.205,.231,.333,.342,.135,.004,1,.900,.188,.364,4,0
556,13,Jahlil Okafor\okafoja01,24,27,420,.611,3.8,.986,.576,.361,.042,.000,.014,.613,.747,.423,.333,,.500,.552,.132,16,1.000,.000,,0,0
557,14,Zion Williamson\willizi01,19,12,337,.586,4.1,.934,.746,.155,.017,.017,.066,.598,.689,.250,.333,.000,.417,.743,.171,28,1.000,.000,,0,0
558,15,Zylan Cheatham\cheatzy01,24,3,31,.400,9.0,.800,.400,.200,.200,.000,.200,.500,1.000,.000,.000,,.000,1.000,.000,0,,.000,,0,0
559,16,Josh Gray\grayjo01,26,2,23,.500,1.5,1.000,1.000,.000,.000,.000,.000,.500,.500,,,,,.000,.000,0,,,,0,0
